Id,CompanyName,CompanyTypeId,PrivateEquityCompanySectors,PrivateEquityPortfolioCompanies,VerticalId,SubVerticalId,NumberOfEmployees,LTMRevenue,LTM EBITA,CurrencyId,EnterpriseValue,YearFounded,ParentCompany,AssetsUnderManagement,AddressLine1,AddressLine2,City,PostCode,Country,ContactId,Website,AdditionalDescription,CreatedAt,CreatedBy,UpdatedAt,UpdatedBy
COM_001,100% employee owned (ESOP),3,,,,,,,,,,,,,,,,,,,,,,,,
COM_002,3i,3,,,,,,,,,,,,,,,,,,,,,,,,
COM_003,5-Hour Energy,1,,,2,26,,,265.0,,,,,,,,,,,,,,,,,
COM_004,A Place for Mom,1,,,1,21,,,,,269,,,,,,,,,,,,,,,
COM_005,ABC Billing,1,,,1,3,,,,,,,,,,,,,,,,,,,,
COM_006,ACG & PRP,1,,,2,27,,,30.0,,,,,,,,,,,,,,,,,
COM_007,AE Industrial,3,,,,,,,,,,,,,,,,,,,,,,,,
COM_008,AEA,2,,,,,,,,,,,,,,,,,,,,,,,,
COM_009,AEA Investors,3,,,,,,,,,,,,,,,,,,,,,,,,
COM_010,AEA Investors LP,3,"- Consumer products
- Industrial","- Traeger (Current)
- Barnet (Cosmetic)",,,,,,1,,,,10.0,,,,,,,www.aeainvestors.com,,,,,
COM_011,AR Capital,3,,,,,,,,,,,,,,,,,,,,,,,,
COM_012,ASC,1,,,2,23,,,,,,,,,,,,,,,,,,,,
COM_013,ATC Associates,1,,,1,4,,,,,,,,,,,,,,,,,,,,
COM_014,AccentCare,1,,,3,28,,,68.0,,625.0,,,,,,,,,,,,,,,
COM_015,Acima Credit,1,,,2,23,,,57.0,,,,,,,,,,,,,,,,,
COM_016,Aclara Technologies,1,,,1,4,,,,,1040,,,,,,,,,,,,,,,
COM_017,AdMedia,2,,,,,,,,,,,,,,,,,,,,,,,,
COM_018,Advanced Discovery,1,,,1,9,,,,,300,,,,,,,,,,,,,,,
COM_019,Advantage Capital,3,,,,,,,,,,,,,,,,,,,,,,,,
COM_020,Advent Software,3,,,,,,,,,,,,,,,,,,,,,,,,
COM_021,Advicent,1,,,1,14,,,,,,,,,,,,,,,,,,,,
COM_022,Advisory Board Company,1,,,3,32,,,185.0,,,,,,,,,,,,,,,,,
COM_023,"Akamai, etc.",3,,,,,,,,,,,,,,,,,,,,,,,,
COM_024,Alecto Healthcare Services,1,,,3,34,,,25.0,,,,,,,,,,,,,,,,,
COM_025,Allen & Co,2,,,,,,,,,,,,,,,,,,,,,,,,
COM_026,Allergy Partners,1,,,3,28,,,22.0,,250.0,,,,,,,,,,,,,,,
COM_027,Altran,3,,,,,,,,,,,,,,,,,,,,,,,,
COM_028,AmTrust,1,,,1,15,,,,,,,,,,,,,,,,,,,,
COM_029,American Advisors Group,1,,,1,19,,,,,720,,,,,,,,,,,,,,,
COM_030,American Capital Equity,3,,,,,,,,,,,,,,,,,,,,,,,,
COM_031,American Freight,1,,,2,25,,,46.0,,350.0,,,,,,,,,,,,,,,
COM_032,American Infrastructure Funds,3,,,,,,,,,,,,,,,,,,,,,,,,
COM_033,American Medical Response,1,,,3,32,,,262.0,,,,,,,,,,,,,,,,,
COM_034,Amherst Pierpont,1,,,1,13,,,,,450,,,,,,,,,,,,,,,
COM_035,Andrews Advisory Group,2,,,,,,,,,,,,,,,,,,,,,,,,
COM_036,Apax,3,,,,,,,,,,,,,,,,,,,,,,,,
COM_037,Aqua Finance,1,,,1,19,,,,,,,,,,,,,,,,,,,,
COM_038,Aquiline Capital,3,,,,,,,,,,,,,,,,,,,,,,,,
COM_039,Ares,3,,,,,,,,,,,,,,,,,,,,,,,,
COM_040,Argon,1,,,3,31,,,74.0,,750.0,,,,,,,,,,,,,,,
COM_041,Aricent,1,,,1,38,,,,,1450,,,,,,,,,,,,,,,
COM_042,Array,1,,,2,23,,291.0,82.0,,700.0,,,,,,,,,,,,,,,
COM_043,Aryzta Facilities,1,,,2,24,,,-23.0,,90.0,,,,,,,,,,,,,,,
COM_044,"Ascension, Echo",3,,,,,,,,,,,,,,,,,,,,,,,,
COM_045,Atlanta Cheesecake,1,,,2,26,,,6.756756756756756,,50.0,,,,,,,,,,,,,,,
COM_046,Audax,3,,,,,,,,,,,,,,,,,,,,,,,,
COM_047,Audax Private Equity,3,- Industrial,- Chem Specialty Chemicals,,,,,,1,,,,11.5,,,,,,,www.audaxprivateequity.com,- We have experience with specialty chemicals with with they have about 5 portfolio companies,,,,
COM_048,Augury,3,,,,,,,,,,,,,,,,,,,,,,,,
COM_049,Aurora,3,,,,,,,,,,,,,,,,,,,,,,,,
COM_050,BAML,2,,,,,,,,,,,,,,,,,,,,,,,,
COM_051,BBB Industries,1,,,1,7,,,,,1000,,,,,,,,,,,,,,,
COM_052,BHI,1,,,1,4,,,,,36.4,,,,,,,,,,,,,,,
COM_053,BJ's Wholesale Club,1,,,2,25,,,515.0,,4000.0,,,,,,,,,,,,,,,
COM_054,BKD Corporate Finance,2,,,,,,,,,,,,,,,,,,,,,,,,
COM_055,BMO,2,,,,,,,,,,,,,,,,,,,,,,,,
COM_056,BMO,2,,,,,,,,,,,,,,,,,,,,,,,,
COM_057,BR Partners,2,,,,,,,,,,,,,,,,,,,,,,,,
COM_058,Back to Nature,1,,,2,26,,,10.4,,,,,,,,,,,,,,,,,
COM_059,Baird,2,,,,,,,,,,,,,,,,,,,,,,,,
COM_060,Baird,2,,,,,,,,,,,,,,,,,,,,,,,,
COM_061,Baird / Stifel,2,,,,,,,,,,,,,,,,,,,,,,,,
COM_062,"Baird, Jefferies",2,,,,,,,,,,,,,,,,,,,,,,,,
COM_063,BakeMark,1,,,2,26,,,58.0,,,,,,,,,,,,,,,,,
COM_064,Bank of America,2,,,,,,,,,,,,,,,,,,,,,,,,
COM_065,Barclays,2,,,,,,,,,,,,,,,,,,,,,,,,
COM_066,Barclays,2,,,,,,,,,,,,,,,,,,,,,,,,
COM_067,Barclays Goldman Sachs,2,,,,,,,,,,,,,,,,,,,,,,,,
COM_068,"Barclays, BMO",2,,,,,,,,,,,,,,,,,,,,,,,,
COM_069,Baring Private Equity Asia,3,,,,,,,,,,,,,,,,,,,,,,,,
COM_070,Bay State,1,,,3,29,,,7.5,,60.0,,,,,,,,,,,,,,,
COM_071,Belly,1,,,2,27,,,77.0,,,,,,,,,,,,,,,,,
COM_072,BenefitMall,1,,,1,14,,,,,,,,,,,,,,,,,,,,
COM_073,Benevis,1,,,3,29,,,43.0,,,,,,,,,,,,,,,,,
COM_074,Benson's,1,,,2,26,,,13.0,,80.0,,,,,,,,,,,,,,,
COM_075,Berkshire Partners,3,,,,,,,,,,,,,,,,,,,,,,,,
COM_076,Berner Food & Beverage,1,,,2,26,,,58.0,,650.0,,,,,,,,,,,,,,,
COM_077,Bernhard Capital,3,,,,,,,,,,,,,,,,,,,,,,,,
COM_078,Bessemer Venture,3,,,,,,,,,,,,,,,,,,,,,,,,
COM_079,Bitnami,1,,,2,26,,,22.5,,135.0,,,,,,,,,,,,,,,
COM_080,BlackArch,2,,,,,,,,,,,,,,,,,,,,,,,,
COM_081,BlackArch,2,,,,,,,,,,,,,,,,,,,,,,,,
COM_082,Blaze Pizza,1,,,2,27,,,3.0,,200.0,,,,,,,,,,,,,,,
COM_083,Bluepay,1,,,1,3,,,,,,,,,,,,,,,,,,,,
COM_084,Boston Market,1,,,2,27,,,41.6,,,,,,,,,,,,,,,,,
COM_085,Brentwood Associates,3,,,,,,,,,,,,,,,,,,,,,,,,
COM_086,Brightstar (U.S.),1,,,1,5,,,,,,,,,,,,,,,,,,,,
COM_087,Brownie Brittle,1,,,2,26,,,-1.7,,,,,,,,,,,,,,,,,
COM_088,BuildZoom,1,,,3,29,,,49.0,,600.0,,,,,,,,,,,,,,,
COM_089,CCMP,3,,,,,,,,,,,,,,,,,,,,,,,,
COM_090,CCMP Capital,3,"- Consumer products
- Industrial","- Jetro Cash & Carry
- Shoes for Crews",,,,,,1,,,,12.0,,,,,,,www.ccmpcapital.com,- Are big on Consumer and industrial,,,,
COM_091,CD&R,3,,,,,,,,,,,,,,,,,,,,,,,,
COM_092,CFGI,1,,,1,38,,,,,320,,,,,,,,,,,,,,,
COM_093,CHA Consulting,1,,,1,38,,,,,260,,,,,,,,,,,,,,,
COM_094,CIBTvisas,1,,,1,12,,,,,650,,,,,,,,,,,,,,,
COM_095,CIVC,3,,,,,,,,,,,,,,,,,,,,,,,,
COM_096,CLEAResult,1,,,1,8,,,,,,,,,,,,,,,,,,,,
COM_097,CPMG,3,,,,,,,,,,,,,,,,,,,,,,,,
COM_098,CVC,3,,,,,,,,,,,,,,,,,,,,,,,,
COM_099,Café Rio,1,,,2,27,,,22.0,,,,,,,,,,,,,,,,,
COM_100,Café Valley,1,,,2,26,,,18.0,,135.0,,,,,,,,,,,,,,,
COM_101,Caltius,3,,,,,,,,,,,,,,,,,,,,,,,,
COM_102,Canaccord,2,,,,,,,,,,,,,,,,,,,,,,,,
COM_103,Cantor Fitzgerald,2,,,,,,,,,,,,,,,,,,,,,,,,
COM_104,Capco,1,,,1,16,,,,,599,,,,,,,,,,,,,,,
COM_105,Capgemini,3,,,,,,,,,,,,,,,,,,,,,,,,
COM_106,Capital Brands,1,,,2,24,,,56.2,,,,,,,,,,,,,,,,,
COM_107,Capsa,1,,,3,31,,,34.0,,,,,,,,,,,,,,,,,
COM_108,Captain D's,1,,,2,27,,,36.8,,,,,,,,,,,,,,,,,
COM_109,CareCentrix,1,,,3,33,,1490.0,95.0,,1200.0,,,,,,,,,,,,,,,
COM_110,Carlyle,3,,,,,,,,,,,,,,,,,,,,,,,,
COM_111,Carolina Beverage Group,1,,,2,26,,,31.9,,,,,,,,,,,,,,,,,
COM_112,Carrabba's,1,,,2,27,,,85.0,,,,,,,,,,,,,,,,,
COM_113,Carve out of Navigant,1,,,1,38,,,,,600,,,,,,,,,,,,,,,
COM_114,Cascadia Capital,2,,,,,,,,,,,,,,,,,,,,,,,,
COM_115,Cascadia Capital,2,,,,,,,,,,,,,,,,,,,,,,,,
COM_116,Censeo,1,,,3,33,,,35.0,,,,,,,,,,,,,,,,,
COM_117,Centerview,2,,,,,,,,,,,,,,,,,,,,,,,,
COM_118,Centerview,2,,,,,,,,,,,,,,,,,,,,,,,,
COM_119,Centre Partners,3,,,,,,,,,,,,,,,,,,,,,,,,
COM_120,Charlesbank,3,,,,,,,,,,,,,,,,,,,,,,,,
COM_121,Chuy's,1,,,2,27,,,43.0,,,,,,,,,,,,,,,,,
COM_122,Citi,2,,,,,,,,,,,,,,,,,,,,,,,,
COM_123,Clayton Dubilier & Rice,3,"- Consumer products
- Industrial","- Roofing Supply Group
- US Foods
- HD Supply",,,,,,1,,,,18.0,,,,,,,www.cdr-inc.com,,,,,
COM_124,Clear Choice,1,,,3,29,,,43.7,,,,,,,,,,,,,,,,,
COM_125,Clearent,1,,,1,3,,,,,,,,,,,,,,,,,,,,
COM_126,Clinical Innovations,1,,,3,31,,,20.8,,,,,,,,,,,,,,,,,
COM_127,Cloverleaf Cold Storage,1,,,2,26,,,156.5,,,,,,,,,,,,,,,,,
COM_128,CompoSecure,1,,,1,3,,,,,1130,,,,,,,,,,,,,,,
COM_129,Comvest,3,,,,,,,,,,,,,,,,,,,,,,,,
COM_130,Consilio,1,,,1,9,,,,,,,,,,,,,,,,,,,,
COM_131,"Continental, etc.",3,,,,,,,,,,,,,,,,,,,,,,,,
COM_132,Continuum,1,,,1,13,,,,,,,,,,,,,,,,,,,,
COM_133,Convergint Technologies,1,,,1,5,,,,,1090,,,,,,,,,,,,,,,
COM_134,Conversocial,1,,,2,26,,,34.0,,125.0,,,,,,,,,,,,,,,
COM_135,Correct Care Solutions,1,,,3,28,,,68.0,,,,,,,,,,,,,,,,,
COM_136,Country Fresh,1,,,2,26,,,318.0,,,,,,,,,,,,,,,,,
COM_137,Coventry Workers' Comp,1,,,3,33,,,120.0,,,,,,,,,,,,,,,,,
COM_138,Cowen,2,,,,,,,,,,,,,,,,,,,,,,,,
COM_139,Cowen,2,,,,,,,,,,,,,,,,,,,,,,,,
COM_140,Credit Suisse,2,,,,,,,,,,,,,,,,,,,,,,,,
COM_141,"Credit Suisse, DB",2,,,,,,,,,,,,,,,,,,,,,,,,
COM_142,Crestview Partners,3,- Industrial Products,"- Key Safety Systems
- Accuride corporation",,,,,,1,,,,20.0,,,,,,,www.crestview.com,- Have industrial products focus,,,,
COM_143,Cross Country Infrastructure,1,,,1,4,,,,,450,,,,,,,,,,,,,,,
COM_144,Crossmark,1,,,1,21,,,,,,,,,,,,,,,,,,,,
COM_145,Cypress Group,2,,,,,,,,,,,,,,,,,,,,,,,,
COM_146,DFW Capital Partners,3,,,,,,,,,,,,,,,,,,,,,,,,
COM_147,DH Corporation,1,,,1,14,,,,,"CAD $3,474",,,,,,,,,,,,,,,
COM_148,DRB Systems,1,,,1,5,,,,,240,,,,,,,,,,,,,,,
COM_149,DaVita Dialysis / American Renal Associates,1,,,3,28,,,50.0,,,,,,,,,,,,,,,,,
COM_150,Dade Paper,1,,,2,27,,,28.4,,,,,,,,,,,,,,,,,
COM_151,Deckers Brands,1,,,2,24,,,219.0,,,,,,,,,,,,,,,,,
COM_152,Del Frisco's,1,,,2,27,,,55.0,,,,,,,,,,,,,,,,,
COM_153,Deloitte,2,,,,,,,,,,,,,,,,,,,,,,,,
COM_154,Deloitte,2,,,,,,,,,,,,,,,,,,,,,,,,
COM_155,Dent Wizard,1,,,1,4,,,,,820,,,,,,,,,,,,,,,
COM_156,Dentalcorp,1,,,3,29,,562.0,120.0,,1500.0,,,,,,,,,,,,,,,
COM_157,Deutsche Bank,2,,,,,,,,,,,,,,,,,,,,,,,,
COM_158,Direct to Company,2,,,,,,,,,,,,,,,,,,,,,,,,
COM_159,Direct to FIS,2,,,,,,,,,,,,,,,,,,,,,,,,
COM_160,Direxion Investments,1,,,1,18,,,,,,,,,,,,,,,,,,,,
COM_161,Discover.org,1,,,1,21,,,,,1100,,,,,,,,,,,,,,,
COM_162,Discovery,3,,,,,,,,,,,,,,,,,,,,,,,,
COM_163,Discovery Education,1,,,1,10,,,,,,,,,,,,,,,,,,,,
COM_164,DiversiTech,1,,,1,7,,,,,760,,,,,,,,,,,,,,,
COM_165,Divisions Maintenance Group,1,,,1,8,,,,,,,,,,,,,,,,,,,,
COM_166,Dole Food Company,1,,,2,26,,,240.0,,2000.0,,,,,,,,,,,,,,,
COM_167,Dometic Group,3,,,,,,,,,,,,,,,,,,,,,,,,
COM_168,Dorel Home,1,,,2,24,,,83.3,,600.0,,,,,,,,,,,,,,,
COM_169,Dorel Industries,3,,,,,,,,,,,,,,,,,,,,,,,,
COM_170,DuPage Medical Group,1,,,3,28,,,92.0,,,,,,,,,,,,,,,,,
COM_171,Duff & Phelps,2,,,,,,,,,,,,,,,,,,,,,,,,
COM_172,Duff & Phelps,2,,,,,,,,,,,,,,,,,,,,,,,,
COM_173,Dwyer Group,1,,,1,8,,,,,600,,,,,,,,,,,,,,,
COM_174,Dynasty Financial Partners,1,,,1,13,,,,,,,,,,,,,,,,,,,,
COM_175,E*TRADE,3,,,,,,,,,,,,,,,,,,,,,,,,
COM_176,EAG,1,,,1,37,,,,,650,,,,,,,,,,,,,,,
COM_177,ERC,1,,,3,29,,,46.0,,,,,,,,,,,,,,,,,
COM_178,ESOP,3,,,,,,,,,,,,,,,,,,,,,,,,
COM_179,Echo Logistics,1,,,1,12,,,,,,,,,,,,,,,,,,,,
COM_180,Ecinity,1,,,2,25,,16.2,3.2,,90.0,,,,,,,,,,,,,,,
COM_181,Edgestone,3,,,,,,,,,,,,,,,,,,,,,,,,
COM_182,El Rancho,1,,,2,25,,,28.2,,,,,,,,,,,,,,,,,
COM_183,Electrical Components International,1,,,2,24,,,130.0,,,,,,,,,,,,,,,,,
COM_184,Electrical Components International,1,,,1,4,,,,,1250,,,,,,,,,,,,,,,
COM_185,Elior Group,3,,,,,,,,,,,,,,,,,,,,,,,,
COM_186,Elior NA,1,,,1,39,,,,,950,,,,,,,,,,,,,,,
COM_187,Elite Dental,1,,,3,29,,72.0,12.0,,,,,,,,,,,,,,,,,
COM_188,Energy Capital Partners,3,,,,,,,,,,,,,,,,,,,,,,,,
COM_189,Energy Solutions,1,,,1,4,,,,,1010,,,,,,,,,,,,,,,
COM_190,EnviroVac,1,,,1,4,,,,,165,,,,,,,,,,,,,,,
COM_191,Estancia,3,,,,,,,,,,,,,,,,,,,,,,,,
COM_192,Eurofins,3,,,,,,,,,,,,,,,,,,,,,,,,
COM_193,European Wax Center,1,,,2,25,,,29.5,,,,,,,,,,,,,,,,,
COM_194,Evercore,2,,,,,,,,,,,,,,,,,,,,,,,,
COM_195,Evestment,1,,,1,6,,,,,,,,,,,,,,,,,,,,
COM_196,Evolution Research Group,1,,,3,30,,,17.0,,,,,,,,,,,,,,,,,
COM_197,Express Oil Change & Tire,1,,,2,25,,,41.0,,,,,,,,,,,,,,,,,
COM_198,Exxon Assets,1,,,2,25,,,200.0,,,,,,,,,,,,,,,,,
COM_199,FFL,3,,,,,,,,,,,,,,,,,,,,,,,,
COM_200,FFL Partners,3,,,,,,,,,,,,,,,,,,,,,,,,
COM_201,FIS,3,,,,,,,,,,,,,,,,,,,,,,,,
COM_202,FMG,1,,,1,21,,,,,750,,,,,,,,,,,,,,,
COM_203,FT Partners,2,,,,,,,,,,,,,,,,,,,,,,,,
COM_204,Fast Track It,1,,,2,25,,,,,,,,,,,,,,,,,,,,
COM_205,Ferraro Foods,1,,,2,23,,,32.0,,,,,,,,,,,,,,,,,
COM_206,Fieldbrook Foods,1,,,2,26,,,27.1,,,,,,,,,,,,,,,,,
COM_207,Fiesta Restaurant Group,1,,,2,27,,,103.2,,850.0,,,,,,,,,,,,,,,
COM_208,Finastra,3,,,,,,,,,,,,,,,,,,,,,,,,
COM_209,Finnea Group,2,,,,,,,,,,,,,,,,,,,,,,,,
COM_210,Fintrax,3,,,,,,,,,,,,,,,,,,,,,,,,
COM_211,Firebirds,1,,,2,27,,,19.3,,,,,,,,,,,,,,,,,
COM_212,First Data,3,,,,,,,,,,,,,,,,,,,,,,,,
COM_213,First Watch,1,,,2,27,,,35.5,,,,,,,,,,,,,,,,,
COM_214,Flexpoint,3,,,,,,,,,,,,,,,,,,,,,,,,
COM_215,FlightCar,1,,,2,25,,,,,10.5,,,,,,,,,,,,,,,
COM_216,Focal Point,2,,,,,,,,,,,,,,,,,,,,,,,,
COM_217,FolioFN,1,,,1,13,,,,,,,,,,,,,,,,,,,,
COM_218,Fontanini,1,,,2,26,,,20.0,,,,,,,,,,,,,,,,,
COM_219,"Foundation Consumer Healthcare, Cooper Surgical, CVC",3,,,,,,,,,,,,,,,,,,,,,,,,
COM_220,Founder,3,,,,,,,,,,,,,,,,,,,,,,,,
COM_221,Founders,3,,,,,,,,,,,,,,,,,,,,,,,,
COM_222,GA / Stonepoint,3,,,,,,,,,,,,,,,,,,,,,,,,
COM_223,GS,2,,,,,,,,,,,,,,,,,,,,,,,,
COM_224,GS Merchant Banking,3,,,,,,,,,,,,,,,,,,,,,,,,
COM_225,"GS, Insight Venture, Pritzker, Huizenga",3,,,,,,,,,,,,,,,,,,,,,,,,
COM_226,GTCR,3,,,,,,,,,,,,,,,,,,,,,,,,
COM_227,Galls,1,,,1,7,,,,,402.5,,,,,,,,,,,,,,,
COM_228,General Atlantic,3,,,,,,,,,,,,,,,,,,,,,,,,
COM_229,General Pet,1,,,2,23,,,2.3,,18.5,,,,,,,,,,,,,,,
COM_230,Genpact IT Transformation assets,1,,,1,5,,,,,200,,,,,,,,,,,,,,,
COM_231,Genstar Capital,3,- Industrial Products,"- Pretium Packaging
- Fort Dearborn Company",,,,,,1,,,,8.5,,,,,,,www.gencap.com,,,,,
COM_232,GoWireless,1,,,2,25,,,100.0,,,,,,,,,,,,,,,,,
COM_233,Golden Gate Capital,3,"- Consumer products
- Industrial","- Eddie Bauer
- Pacsun",,,,,,1,,,,14.0,,,,,,,www.goldengatecap.com,"Mr. Thomas focuses on investments in Industrials, and basic materials sector in particular main office number",,,,
COM_234,Goldman Sachs,2,,,,,,,,,,,,,,,,,,,,,,,,
COM_235,Goldman Sachs,2,,,,,,,,,,,,,,,,,,,,,,,,
COM_236,"Goldman Sachs, Harris Williams",2,,,,,,,,,,,,,,,,,,,,,,,,
COM_237,Gopher Resource,1,,,1,4,,,,,930,,,,,,,,,,,,,,,
COM_238,Gordmans Stores,1,,,2,25,,,21.9,,,,,,,,,,,,,,,,,
COM_239,Gores Group,3,"- Consumer products
- Industrial",- Sage Automotive (previously),,,,,,1,,,,2.4,,,,,,,www.gores.com,- One of their strategies on some of their case studies is addons (e.g Sage Automotive)… they might want add-ons but don’t know how to go about doing them,,,,
COM_240,Greenbriar,3,,,,,,,,,,,,,,,,,,,,,,,,
COM_241,Greif & Co,2,,,,,,,,,,,,,,,,,,,,,,,,
COM_242,Gridiron,3,,,,,,,,,,,,,,,,,,,,,,,,
COM_243,Gryphon,3,,,,,,,,,,,,,,,,,,,,,,,,
COM_244,Gryphon (Cakerie),3,,,,,,,,,,,,,,,,,,,,,,,,
COM_245,Guaranteed Rate,1,,,1,19,,,,,650,,,,,,,,,,,,,,,
COM_246,Guggenheim,2,,,,,,,,,,,,,,,,,,,,,,,,
COM_247,Guitar Center,1,,,2,25,,,160.0,,,,,,,,,,,,,,,,,
COM_248,HIG,3,,,,,,,,,,,,,,,,,,,,,,,,
COM_249,Halifax,3,,,,,,,,,,,,,,,,,,,,,,,,
COM_250,Halo,1,,,1,7,,,,,500,,,,,,,,,,,,,,,
COM_251,Hankyul Invest,3,,,,,,,,,,,,,,,,,,,,,,,,
COM_252,Harris Williams,2,,,,,,,,,,,,,,,,,,,,,,,,
COM_253,Harris Williams,2,,,,,,,,,,,,,,,,,,,,,,,,
COM_254,Harris Williams / Baird,2,,,,,,,,,,,,,,,,,,,,,,,,
COM_255,Harris Williams / William Blair,2,,,,,,,,,,,,,,,,,,,,,,,,
COM_256,"Harris Williams, JP Morgan",2,,,,,,,,,,,,,,,,,,,,,,,,
COM_257,"Harris Williams, William Blair",2,,,,,,,,,,,,,,,,,,,,,,,,
COM_258,Harvest Partners,3,- Industrial Products,"- Associated Materials (Prior)
- Driven Brands (Consumer)",,,,,,1,,,,2.0,,,,,,,www.harvestpartners.com,- Did addons for Associated Materials while they owned it,,,,
COM_259,Headwaters,2,,,,,,,,,,,,,,,,,,,,,,,,
COM_260,Healthtronics,1,,,3,28,,,36.0,,,,,,,,,,,,,,,,,
COM_261,Hearthside,1,,,2,26,,,216.0,,,,,,,,,,,,,,,,,
COM_262,Heartland Automotive Services,1,,,2,24,,,32.9,,,,,,,,,,,,,,,,,
COM_263,HemaSource,1,,,3,35,,,20.0,,,,,,,,,,,,,,,,,
COM_264,HighTower,1,,,1,13,,,,,360,,,,,,,,,,,,,,,
COM_265,"Highlander, etc.",3,,,,,,,,,,,,,,,,,,,,,,,,
COM_266,Holley Performance Products,1,,,2,24,,,72.0,,,,,,,,,,,,,,,,,
COM_267,Horizon Primary Care,1,,,3,30,,,145.0,,,,,,,,,,,,,,,,,
COM_268,Houlihan Lokey,2,,,,,,,,,,,,,,,,,,,,,,,,
COM_269,Houlihan Lokey,2,,,,,,,,,,,,,,,,,,,,,,,,
COM_270,Houlihan Lokey UBS,2,,,,,,,,,,,,,,,,,,,,,,,,
COM_271,Houzz,1,,,3,31,,,124.2,,1250.0,,,,,,,,,,,,,,,
COM_272,Hubbell Incorporated,3,,,,,,,,,,,,,,,,,,,,,,,,
COM_273,Huddle House,1,,,2,27,,,17.0,,,,,,,,,,,,,,,,,
COM_274,IFTTT,1,,,2,25,,,19.4,,160.0,,,,,,,,,,,,,,,
COM_275,Imperial Capital Group,3,,,,,,,,,,,,,,,,,,,,,,,,
COM_276,Indigo Wild,1,,,2,24,,,7.6,,,,,,,,,,,,,,,,,
COM_277,Insurance Zebra,1,,,3,32,,,53.3,,480.0,,,,,,,,,,,,,,,
COM_278,Interdent,1,,,3,29,,,36.0,,,,,,,,,,,,,,,,,
COM_279,International Cash Distributors,1,,,1,13,,,,,,,,,,,,,,,,,,,,
COM_280,International Catastrophe Insurance Managers,1,,,1,13,,,,,202,,,,,,,,,,,,,,,
COM_281,Invista,1,,,2,24,,,297.0,,,,,,,,,,,,,,,,,
COM_282,Irving Place Capital,3,"- Consumer products
- Industrial","- Bendon
- New York and Co
- Rag and Bone",,,,,,1,,,,4.4,,,,,,,www.irvingplacecapital.com,"- Have both branded consumer companies and industrial companies
- DR used to have a contact there ""Doug Kohn""",,,,
COM_283,JF Lehman,3,,,,,,,,,,,,,,,,,,,,,,,,
COM_284,JP Morgan,2,,,,,,,,,,,,,,,,,,,,,,,,
COM_285,JP Morgan,2,,,,,,,,,,,,,,,,,,,,,,,,
COM_286,"JP Morgan, Deutsche Bank",2,,,,,,,,,,,,,,,,,,,,,,,,
COM_287,JPM,2,,,,,,,,,,,,,,,,,,,,,,,,
COM_288,Jefferies,2,,,,,,,,,,,,,,,,,,,,,,,,
COM_289,Jefferies,2,,,,,,,,,,,,,,,,,,,,,,,,
COM_290,Jefferies & Company,2,,,,,,,,,,,,,,,,,,,,,,,,
COM_291,"Jefferies, JP Morgan",2,,,,,,,,,,,,,,,,,,,,,,,,
COM_292,"Jefferies, North Point",2,,,,,,,,,,,,,,,,,,,,,,,,
COM_293,Jefferies; Baird,2,,,,,,,,,,,,,,,,,,,,,,,,
COM_294,Jordan Company,3,,,,,,,,,,,,,,,,,,,,,,,,
COM_295,Jordan Home Health,1,,,3,28,,,70.0,,,,,,,,,,,,,,,,,
COM_296,Just Desserts,1,,,2,26,,,3.6,,28.8,,,,,,,,,,,,,,,
COM_297,KBS,1,,,2,34,,,55.0,,,,,,,,,,,,,,,,,
COM_298,KKR,3,,,,,,,,,,,,,,,,,,,,,,,,
COM_299,KPS Capital Partners,3,,,,,,,,,,,,,,,,,,,,,,,,
COM_300,KPS Capital Partners LP,3,"- Consumer products
- Industrial","- Taylor Made
- Winoa",,,,,,1,,,,5.2,,,,,,,www.kpsfund.com,,,,,
COM_301,Kastle Systems,1,,,1,8,,,,,,,,,,,,,,,,,,,,
COM_302,Kayne Anderson,3,,,,,,,,,,,,,,,,,,,,,,,,
COM_303,Kelso & Company,3,"- Consumer Products
- Building products","- Augusta Sportsware
- Eagle Foods",,,,,,1,,,,11.2,,,,,,,www.kelso.com,"- DR says he knows Phil Berney or has heard of him
- Big on branded consumer products
- Looking for addons on some of their portfolio companies",,,,
COM_304,Key Banc,2,,,,,,,,,,,,,,,,,,,,,,,,
COM_305,KeyBanc,2,,,,,,,,,,,,,,,,,,,,,,,,
COM_306,Kichler,1,,,2,24,,,57.358,,,,,,,,,,,,,,,,,
COM_307,King's Pastry,1,,,2,26,,,6.3,,,,,,,,,,,,,,,,,
COM_308,"Kohlberg & Company, L.L.C.",3,,,,,,,,,,,,,,,,,,,,,,,,
COM_309,Kohlberg and Company,3,"- Industrial
- Consumer Products","- Nelson (Neutraceutical)
- NBG Home Décor Products
- Hoffmaster Group",,,,,,1,,,,7.5,,,,,,,www.kohlberg.com,,,,,
COM_310,Kriser's Natural Pet,1,,,2,25,,,-1.0,,,,,,,,,,,,,,,,,
COM_311,Kroger Convenience Stores,1,,,2,25,,,193.0,,1900.0,,,,,,,,,,,,,,,
COM_312,LGP,3,,,,,,,,,,,,,,,,,,,,,,,,
COM_313,LLR Capital / Founders,3,,,,,,,,,,,,,,,,,,,,,,,,
COM_314,LRR Partners,3,,,,,,,,,,,,,,,,,,,,,,,,
COM_315,Laces,1,,,2,24,,,40.0,,,,,,,,,,,,,,,,,
COM_316,Laser Spine Institute,1,,,3,28,,,85.0,,,,,,,,,,,,,,,,,
COM_317,Lazard,2,,,,,,,,,,,,,,,,,,,,,,,,
COM_318,Lazard,2,,,,,,,,,,,,,,,,,,,,,,,,
COM_319,Le-Vel,1,,,2,26,,,79.0,,600.0,,,,,,,,,,,,,,,
COM_320,Lee Equity,3,,,,,,,,,,,,,,,,,,,,,,,,
COM_321,Leerink,2,,,,,,,,,,,,,,,,,,,,,,,,
COM_322,Leonard Green,3,,,,,,,,,,,,,,,,,,,,,,,,
COM_323,Levin Furniture,1,,,2,25,,,18.3,,,,,,,,,,,,,,,,,
COM_324,Lifetouch,1,,,2,23,,,140.0,,750.0,,,,,,,,,,,,,,,
COM_325,Lincoln International,2,,,,,,,,,,,,,,,,,,,,,,,,
COM_326,Lincolnshire,3,,,,,,,,,,,,,,,,,,,,,,,,
COM_327,Liquid Environmental Solutions,1,,,1,4,,,,,,,,,,,,,,,,,,,,
COM_328,LiquidHub,1,,,1,21,,,,,,,,,,,,,,,,,,,,
COM_329,Littlejohn,3,,,,,,,,,,,,,,,,,,,,,,,,
COM_330,Long Point,3,,,,,,,,,,,,,,,,,,,,,,,,
COM_331,Luma Partners,2,,,,,,,,,,,,,,,,,,,,,,,,
COM_332,Luna Grill,1,,,2,27,,,1.4,,,,,,,,,,,,,,,,,
COM_333,Lund,1,,,1,7,,,,,750,,,,,,,,,,,,,,,
COM_334,MB2 Dental Solutions,1,,,3,29,,,28.123,,,,,,,,,,,,,,,,,
COM_335,MDVIP,1,,,3,28,,,40.6,,,,,,,,,,,,,,,,,
COM_336,MEDHOST,1,,,3,32,,,46.1,,,,,,,,,,,,,,,,,
COM_337,"MS, Stephens",2,,,,,,,,,,,,,,,,,,,,,,,,
COM_338,Mallinckrodt Controlled Substances,1,,,3,30,,,288.0,,,,,,,,,,,,,,,,,
COM_339,Manna Pro,1,,,2,23,,,28.4,,265.0,,,,,,,,,,,,,,,
COM_340,Marsh & McLennan,3,,,,,,,,,,,,,,,,,,,,,,,,
COM_341,Masco Corp.,3,,,,,,,,,,,,,,,,,,,,,,,,
COM_342,MedRisk,1,,,3,33,,,73.0,,,,,,,,,,,,,,,,,
COM_343,MediaMath,1,,,1,21,,,,,110,,,,,,,,,,,,,,,
COM_344,Medicus,1,,,3,32,,,23.0,,,,,,,,,,,,,,,,,
COM_345,Mel-O-Cream,1,,,2,26,,,,,,,,,,,,,,,,,,,,
COM_346,Melissa & Doug,1,,,2,24,,,47.0,,,,,,,,,,,,,,,,,
COM_347,MeridianLink,1,,,1,14,,,,,480,,,,,,,,,,,,,,,
COM_348,Mgmt,3,,,,,,,,,,,,,,,,,,,,,,,,
COM_349,Midwest Dental,1,,,3,29,,,35.0,,,,,,,,,,,,,,,,,
COM_350,Milani,1,,,2,24,,126.2,39.0,,,,,,,,,,,,,,,,,
COM_351,Millennium Health,1,,,3,28,,,405.0,,2800.0,,,,,,,,,,,,,,,
COM_352,Moelis,2,,,,,,,,,,,,,,,,,,,,,,,,
COM_353,Moelis,2,,,,,,,,,,,,,,,,,,,,,,,,
COM_354,Moelis & Company,2,,,,,,,,,,,,,,,,,,,,,,,,
COM_355,"Moelis, Cain",2,,,,,,,,,,,,,,,,,,,,,,,,
COM_356,"Moelis, Jefferies",2,,,,,,,,,,,,,,,,,,,,,,,,
COM_357,Montrose Environmental,1,,,1,37,,,,,260,,,,,,,,,,,,,,,
COM_358,Moravia,1,,,1,38,,,,,,,,,,,,,,,,,,,,
COM_359,Morgan Stanely,2,,,,,,,,,,,,,,,,,,,,,,,,
COM_360,Morgan Stanley,2,,,,,,,,,,,,,,,,,,,,,,,,
COM_361,Morgan Stanley,2,,,,,,,,,,,,,,,,,,,,,,,,
COM_362,"Morgan Stanley, Deutsche Bank",2,,,,,,,,,,,,,,,,,,,,,,,,
COM_363,"Morgan Stanley, Wells Fargo",2,,,,,,,,,,,,,,,,,,,,,,,,
COM_364,Morris Furniture,1,,,2,25,,,8.4,,,,,,,,,,,,,,,,,
COM_365,N/A,2,,,,,,,,,,,,,,,,,,,,,,,,
COM_366,NAB Holdings,3,,,,,,,,,,,,,,,,,,,,,,,,
COM_367,NTT Communications,3,,,,,,,,,,,,,,,,,,,,,,,,
COM_368,NV5 Global,1,,,1,37,,,,,530,,,,,,,,,,,,,,,
COM_369,Nasdaq,3,,,,,,,,,,,,,,,,,,,,,,,,
COM_370,National Response Corporation (NRC),1,,,1,37,,,,,350,,,,,,,,,,,,,,,
COM_371,Nautic Partners LLC,3,- Industrial Products,"- Custom Windows
- Precision Engineered Products",,,,,,1,,,,13.0,,,,,,,www.nautic.com,"- We've had contact with them before for FS so it's going to be  warm contact
-  They do a lot of industrial products (e.g. Custom Windows)",,,,
COM_372,Nestlé USA Confectionary,1,,,2,26,,,195.0,,,,,,,,,,,,,,,,,
COM_373,New Century Health,1,,,3,33,,,21.0,,,,,,,,,,,,,,,,,
COM_374,New Mountain,3,,,,,,,,,,,,,,,,,,,,,,,,
COM_375,Newell Industrial & Commercial Brands,1,,,2,24,,,,,,,,,,,,,,,,,,,,
COM_376,Nextdoor.com,1,,,2,27,,,221.0,,,,,,,,,,,,,,,,,
COM_377,Nomura,2,,,,,,,,,,,,,,,,,,,,,,,,
COM_378,Nomura Bank of America,2,,,,,,,,,,,,,,,,,,,,,,,,
COM_379,Nonni's,1,,,2,26,,,21.0,,,,,,,,,,,,,,,,,
COM_380,North Point,2,,,,,,,,,,,,,,,,,,,,,,,,
COM_381,North Point Advisors,2,,,,,,,,,,,,,,,,,,,,,,,,
COM_382,"North Point, Jefferies",2,,,,,,,,,,,,,,,,,,,,,,,,
COM_383,"North Point, Morgan Stanley",2,,,,,,,,,,,,,,,,,,,,,,,,
COM_384,Norwest,3,,,,,,,,,,,,,,,,,,,,,,,,
COM_385,Nutex Health,1,,,3,34,,,40.0,,,,,,,,,,,,,,,,,
COM_386,NxGen MDx,1,,,3,28,,,49.0,,,,,,,,,,,,,,,,,
COM_387,Oak Hill,3,,,,,,,,,,,,,,,,,,,,,,,,
COM_388,Oaktree,3,,,,,,,,,,,,,,,,,,,,,,,,
COM_389,Ob Hospitalist Group,1,,,3,28,,,47.0,,625.0,,,,,,,,,,,,,,,
COM_390,Odyssey Investment,3,,,,,,,,,,,,,,,,,,,,,,,,
COM_391,Old Chicago,1,,,2,27,,,22.6,,,,,,,,,,,,,,,,,
COM_392,Olympus,3,,,,,,,,,,,,,,,,,,,,,,,,
COM_393,OneSpaWorld,1,,,2,23,,,59.0,,,,,,,,,,,,,,,,,
COM_394,Onex,3,,,,,,,,,,,,,,,,,,,,,,,,
COM_395,Oppenheimer,2,,,,,,,,,,,,,,,,,,,,,,,,
COM_396,Organix,1,,,1,4,,,,,207,,,,,,,,,,,,,,,
COM_397,Ortholite,1,,,2,24,,,54.1,,,,,,,,,,,,,,,,,
COM_398,Osmose,1,,,1,4,,,,,,,,,,,,,,,,,,,,
COM_399,PDC Brands,1,,,2,24,,,92.0,,900.0,,,,,,,,,,,,,,,
COM_400,PJSC,2,,,,,,,,,,,,,,,,,,,,,,,,
COM_401,PLH,1,,,1,4,,,,,680,,,,,,,,,,,,,,,
COM_402,PLI,1,,,1,3,,,,,300,,,,,,,,,,,,,,,
COM_403,PSG,1,,,1,7,,,,,,,,,,,,,,,,,,,,
COM_404,PSI Services,1,,,1,37,,,,,500,,,,,,,,,,,,,,,
COM_405,PSSI,1,,,1,4,,,,,1600,,,,,,,,,,,,,,,
COM_406,Pacon,1,,,2,24,,,35.0,,,,,,,,,,,,,,,,,
COM_407,Palladium,3,,,,,,,,,,,,,,,,,,,,,,,,
COM_408,Palladium Equity Partners,3,"- Consumer products
- Industrial","- Sahale Snacks
- Kars Snacks",,,,,,1,,,,2.1,,,,,,,www.palladiumequity.com,,,,,
COM_409,Pamplona,3,,,,,,,,,,,,,,,,,,,,,,,,
COM_410,Paylease,1,,,1,3,,,,,105,,,,,,,,,,,,,,,
COM_411,Paymetric,1,,,1,3,,,,,265,,,,,,,,,,,,,,,
COM_412,Peak Rock,3,,,,,,,,,,,,,,,,,,,,,,,,
COM_413,Peak Utility Services,1,,,1,4,,,,,235,,,,,,,,,,,,,,,
COM_414,Pearl,1,,,1,19,,,,,350,,,,,,,,,,,,,,,
COM_415,Pearl Companies,3,,,,,,,,,,,,,,,,,,,,,,,,
COM_416,Pegasus Capital Advisors,3,,,,,,,,,,,,,,,,,,,,,,,,
COM_417,Pennant Foods,1,,,2,27,,,14.0,,,,,,,,,,,,,,,,,
COM_418,Perkins & Marie Callender's,1,,,2,27,,,40.0,,,,,,,,,,,,,,,,,
COM_419,Permira,3,,,,,,,,,,,,,,,,,,,,,,,,
COM_420,Pet Supplies Plus,1,,,2,25,,,51.0,,400.0,,,,,,,,,,,,,,,
COM_421,Peter J Solomon,2,,,,,,,,,,,,,,,,,,,,,,,,
COM_422,Petmate,1,,,2,24,,,40.1,,,,,,,,,,,,,,,,,
COM_423,Petsky Prunier,2,,,,,,,,,,,,,,,,,,,,,,,,
COM_424,Phreesia,1,,,1,3,,,,,,,,,,,,,,,,,,,,
COM_425,Pier 1 Imports,1,,,2,25,,,147.0,,,,,,,,,,,,,,,,,
COM_426,Piper Jaffray,2,,,,,,,,,,,,,,,,,,,,,,,,
COM_427,Piper Jaffray,2,,,,,,,,,,,,,,,,,,,,,,,,
COM_428,"Piper Jaffray, North Point",2,,,,,,,,,,,,,,,,,,,,,,,,
COM_429,Planet Payment,1,,,1,3,,,,,174,,,,,,,,,,,,,,,
COM_430,Platinum,3,,,,,,,,,,,,,,,,,,,,,,,,
COM_431,Platinum Equity,3,- Industrial Products,"- SCM Metal Products
- International textile product",,,,,,1,,,,6.5,,,,,,,www.platinumequity.com,,,,,
COM_432,Post Private Brands,1,,,2,26,,,106.9,,,,,,,,,,,,,,,,,
COM_433,Potbelly,1,,,2,27,,,38.64,,,,,,,,,,,,,,,,,
COM_434,Potpourri Group,1,,,2,24,,,36.0,,,,,,,,,,,,,,,,,
COM_435,Premier,1,,,3,36,,,56.0,,,,,,,,,,,,,,,,,
COM_436,PrimeSource,1,,,1,4,,,,,1470,,,,,,,,,,,,,,,
COM_437,Priority Payments,1,,,1,3,,,,,,,,,,,,,,,,,,,,
COM_438,Privately Held,3,,,,,,,,,,,,,,,,,,,,,,,,
COM_439,ProEx,1,,,3,29,,,1.9,,18.0,,,,,,,,,,,,,,,
COM_440,Project Cougar,1,,,1,4,,,,,240,,,,,,,,,,,,,,,
COM_441,Project Yoder,1,,,1,38,,,,,250,,,,,,,,,,,,,,,
COM_442,Prometric,1,,,1,37,,,,,1170,,,,,,,,,,,,,,,
COM_443,Public,3,,,,,,,,,,,,,,,,,,,,,,,,
COM_444,Publicly Traded,3,,,,,,,,,,,,,,,,,,,,,,,,
COM_445,Qdoba,1,,,2,27,,,67.0,,,,,,,,,,,,,,,,,
COM_446,Quala,1,,,2,23,,,32.0,,,,,,,,,,,,,,,,,
COM_447,Quality Solutions,1,,,1,8,,,,,,,,,,,,,,,,,,,,
COM_448,Qualtek,1,,,1,5,,,,,500,,,,,,,,,,,,,,,
COM_449,RBC,2,,,,,,,,,,,,,,,,,,,,,,,,
COM_450,RBC / Baird,2,,,,,,,,,,,,,,,,,,,,,,,,
COM_451,RBC Capital Markets,2,,,,,,,,,,,,,,,,,,,,,,,,
COM_452,RECON,1,,,1,37,,,,,232,,,,,,,,,,,,,,,
COM_453,REVA,1,,,3,32,,,11.5,,,,,,,,,,,,,,,,,
COM_454,RW Baird,2,,,,,,,,,,,,,,,,,,,,,,,,
COM_455,RWS Holdings,3,,,,,,,,,,,,,,,,,,,,,,,,
COM_456,RXBAR,1,,,2,26,,,21.8,,,,,,,,,,,,,,,,,
COM_457,Raymond James,2,,,,,,,,,,,,,,,,,,,,,,,,
COM_458,Red Hawk Fire & Security,1,,,1,8,,,,,300,,,,,,,,,,,,,,,
COM_459,Regina,1,,,2,25,,,12.0,,,,,,,,,,,,,,,,,
COM_460,Renaissance Imaging Medical Associates,1,,,3,28,,,19.5,,,,,,,,,,,,,,,,,
COM_461,Restaurant Technology,1,,,1,4,,,,,,,,,,,,,,,,,,,,
COM_462,Resurgent Holding,3,,,,,,,,,,,,,,,,,,,,,,,,
COM_463,Ridgemont,3,,,,,,,,,,,,,,,,,,,,,,,,
COM_464,Riverside,3,,,,,,,,,,,,,,,,,,,,,,,,
COM_465,Rothschild,2,,,,,,,,,,,,,,,,,,,,,,,,
COM_466,Rough Country,1,,,1,7,,,,,530,,,,,,,,,,,,,,,
COM_467,RugsUSA,1,,,2,25,,,39.0,,,,,,,,,,,,,,,,,
COM_468,RxCrossroads,1,,,3,30,,,56.0,,,,,,,,,,,,,,,,,
COM_469,Ryan Herco Flow Solutions,1,,,1,7,,,,,280,,,,,,,,,,,,,,,
COM_470,SIRVA,1,,,1,40,,,,,870,,,,,,,,,,,,,,,
COM_471,SMG,1,,,1,21,,,,,,,,,,,,,,,,,,,,
COM_472,SMS Assist,1,,,1,5,,,,,,,,,,,,,,,,,,,,
COM_473,SRS Distribution,1,,,1,7,,,,,2050,,,,,,,,,,,,,,,
COM_474,"Sagard Holdings, Fairfax Capital",3,,,,,,,,,,,,,,,,,,,,,,,,
COM_475,Sage Payment Solutions,1,,,1,3,,,,,,,,,,,,,,,,,,,,
COM_476,Sandler O’Neill,2,,,,,,,,,,,,,,,,,,,,,,,,
COM_477,Schneider Downs,2,,,,,,,,,,,,,,,,,,,,,,,,
COM_478,Schweiger Dermatology,1,,,3,29,,,12.5,,,,,,,,,,,,,,,,,
COM_479,Seastar Solutions,1,,,1,37,,,,,859,,,,,,,,,,,,,,,
COM_480,Secure 24,1,,,1,5,,,,,,,,,,,,,,,,,,,,
COM_481,Securus Technologies,1,,,1,5,,,,,1900,,,,,,,,,,,,,,,
COM_482,Shamrock,3,,,,,,,,,,,,,,,,,,,,,,,,
COM_483,Shermco,1,,,1,37,,,,,267,,,,,,,,,,,,,,,
COM_484,Shopko,1,,,2,25,,,63.7,,,,,,,,,,,,,,,,,
COM_485,Siegel Management,2,,,,,,,,,,,,,,,,,,,,,,,,
COM_486,Signal Hill,2,,,,,,,,,,,,,,,,,,,,,,,,
COM_487,Signpost,1,,,2,26,,,8.9,,68.0,,,,,,,,,,,,,,,
COM_488,Silverlake / GA,3,,,,,,,,,,,,,,,,,,,,,,,,
COM_489,Sizzling Platter,1,,,2,27,,,43.6,,330.0,,,,,,,,,,,,,,,
COM_490,Smart Carte,1,,,1,12,,,,,,,,,,,,,,,,,,,,
COM_491,SmartThings,1,,,3,32,,,52.0,,,,,,,,,,,,,,,,,
COM_492,Smile Doctors,1,,,3,29,,,38.0,,,,,,,,,,,,,,,,,
COM_493,Smucker Baking & Breakfast Brands,1,,,2,26,,,72.0,,,,,,,,,,,,,,,,,
COM_494,Snooze Eatery,1,,,2,27,,,9.5,,,,,,,,,,,,,,,,,
COM_495,Snowden Lane,1,,,1,13,,,,,,,,,,,,,,,,,,,,
COM_496,Softbank,3,,,,,,,,,,,,,,,,,,,,,,,,
COM_497,Spice World,1,,,2,26,,,45.0,,,,,,,,,,,,,,,,,
COM_498,Spinrite,1,,,2,24,,,32.0,,,,,,,,,,,,,,,,,
COM_499,SquareTwo Financial,1,,,1,13,,,,,,,,,,,,,,,,,,,,
COM_500,Statewide,1,,,2,23,,,3.0,,,,,,,,,,,,,,,,,
COM_501,Steadman Clinic,1,,,3,28,,45.0,4.5,,45.0,,,,,,,,,,,,,,,
COM_502,Stephens,2,,,,,,,,,,,,,,,,,,,,,,,,
COM_503,Stephenson’s,1,,,1,19,,,,,CAD $300,,,,,,,,,,,,,,,
COM_504,Steven-Robert Originals,1,,,2,26,,,23.0,,200.0,,,,,,,,,,,,,,,
COM_505,Stifel,2,,,,,,,,,,,,,,,,,,,,,,,,
COM_506,Strategic Materials,1,,,1,4,,,,,610,,,,,,,,,,,,,,,
COM_507,Summit,3,,,,,,,,,,,,,,,,,,,,,,,,
COM_508,Summit BHC,1,,,3,29,,,13.0,,,,,,,,,,,,,,,,,
COM_509,Sun Capital Partners,3,"- Consumer Brands
- Industrials","- Trulite
- Arrow Tru-Line",,,,,,1,,,,9.0,,,,,,,www.suncappart.com,"- DR knows Marc Leder ( I think)
- They are big in consumer and industrial (building products)",,,,
COM_510,SunGard Insurance,1,,,1,14,,,,,680,,,,,,,,,,,,,,,
COM_511,SunTrust,2,,,,,,,,,,,,,,,,,,,,,,,,
COM_512,SunTrust,2,,,,,,,,,,,,,,,,,,,,,,,,
COM_513,Suntrust,2,,,,,,,,,,,,,,,,,,,,,,,,
COM_514,Sweet Harvest Foods,1,,,2,26,,,24.0,,,,,,,,,,,,,,,,,
COM_515,Sweet Sam's,1,,,2,26,,,2.0,,,,,,,,,,,,,,,,,
COM_516,Synergy Health Partners,1,,,3,28,,,31.6,,,,,,,,,,,,,,,,,
COM_517,SÅsh,1,,,2,25,,,82.8,,612.5,,,,,,,,,,,,,,,
COM_518,TA,3,,,,,,,,,,,,,,,,,,,,,,,,
COM_519,TA Associates,3,,,,,,,,,,,,,,,,,,,,,,,,
COM_520,TM Capital,2,,,,,,,,,,,,,,,,,,,,,,,,
COM_521,TMS,1,,,1,3,,,,,,,,,,,,,,,,,,,,
COM_522,TPG,3,,,,,,,,,,,,,,,,,,,,,,,,
COM_523,TSG Cosumer Partners,3,- Consumer Brands,"- Smashbox
- Beauty Bands
- Elf
- Cutex",,,,,,1,,,,5.0,,,,,,,www.tsgconsumer.com,"- they are purely consumer focussed
- Seems that most of their strategy is organic growth (from case studies they have)",,,,
COM_524,Take-private,2,,,,,,,,,,,,,,,,,,,,,,,,
COM_525,Teasdale Latin Foods,1,,,2,26,,,50.0,,,,,,,,,,,,,,,,,
COM_526,Teva Women's Health,1,,,3,30,,543.8,246.8,,1600.0,,,,,,,,,,,,,,,
COM_527,Thalmic,1,,,2,27,,,145.0,,,,,,,,,,,,,,,,,
COM_528,The Riverside Company,3,"- Consumer Brands
- Specialty Mfg and Distribution","- Lille Baby
- Blue Electronics",,,,,,1,,,,6.0,,,,,,,www.riversidecompany.com,"- Have a full section of ""seeking addons for .. "" currently looking for Sunrise Windows (replacement windows companies",,,,
COM_529,The Saatva Company,1,,,2,24,,,10.1,,500.0,,,,,,,,,,,,,,,
COM_530,Thermo Fisher Assets,1,,,3,31,,,82.0,,,,,,,,,,,,,,,,,
COM_531,ThermoFisher,3,,,,,,,,,,,,,,,,,,,,,,,,
COM_532,ThermoFisher Assets,1,,,1,4,,,,,870,,,,,,,,,,,,,,,
COM_533,Thoma Bravo,3,,,,,,,,,,,,,,,,,,,,,,,,
COM_534,Thomas H. Lee Partners,3,- Consumer & Retail,"- Give & Go Bakery
- CTI Foods",,,,,,1,,,,10.0,,,,,,,www.thl.com,"- Big in consumer and retail industry
- Have done some addon acquisitions previously",,,,
COM_535,ThoughtWorks,1,,,1,5,,,,,531,,,,,,,,,,,,,,,
COM_536,ThreeSixty Group,1,,,2,24,,,65.0,,,,,,,,,,,,,,,,,
COM_537,Tillys,1,,,2,25,,,50.8,,,,,,,,,,,,,,,,,
COM_538,Togetherworks,1,,,1,3,,,,,150,,,,,,,,,,,,,,,
COM_539,Traeger,1,,,2,24,,,59.5,,800.0,,,,,,,,,,,,,,,
COM_540,TransPerfect,1,,,1,5,,,,,,,,,,,,,,,,,,,,
COM_541,Treliant Risk Advisors,1,,,1,38,,,,,420,,,,,,,,,,,,,,,
COM_542,TriMark,1,,,2,27,,,109.0,,1350.0,,,,,,,,,,,,,,,
COM_543,TricorBraun,1,,,2,34,,,120.0,,,,,,,,,,,,,,,,,
COM_544,Trilantic,3,,,,,,,,,,,,,,,,,,,,,,,,
COM_545,Trivest,3,,,,,,,,,,,,,,,,,,,,,,,,
COM_546,Truck Hero,1,,,1,7,,,,,1470,,,,,,,,,,,,,,,
COM_547,Trust Company of America,1,,,1,13,,,,,,,,,,,,,,,,,,,,
COM_548,TrustCommerce,1,,,1,3,,,,,66,,,,,,,,,,,,,,,
COM_549,Tunnel Hill,1,,,1,4,,,,,,,,,,,,,,,,,,,,
COM_550,Tyree & D'Angelo Partners,3,,,,,,,,,,,,,,,,,,,,,,,,
COM_551,Tyson Kettle,1,,,2,26,,,21.7,,130.0,,,,,,,,,,,,,,,
COM_552,UBS,2,,,,,,,,,,,,,,,,,,,,,,,,
COM_553,UBS,2,,,,,,,,,,,,,,,,,,,,,,,,
COM_554,"UBS, Allen & Co.",2,,,,,,,,,,,,,,,,,,,,,,,,
COM_555,US Beef,1,,,2,27,,,40.0,,240.0,,,,,,,,,,,,,,,
COM_556,US Fitness,1,,,2,34,,,32.0,,,,,,,,,,,,,,,,,
COM_557,US Retirement & Benefits Partners,1,,,1,5,,,,,327,,,,,,,,,,,,,,,
COM_558,US Security Associates,1,,,1,8,,,,,,,,,,,,,,,,,,,,
COM_559,USIC,1,,,1,4,,,,,,,,,,,,,,,,,,,,
COM_560,Uncle Julio's,1,,,2,27,,,26.6,,,,,,,,,,,,,,,,,
COM_561,Unidine,1,,,2,23,,,24.0,,,,,,,,,,,,,,,,,
COM_562,United Capital,1,,,1,13,,,,,300,,,,,,,,,,,,,,,
COM_563,United Natural Foods,1,,,2,23,,,331.0,,,,,,,,,,,,,,,,,
COM_564,United Pacific Pet,1,,,2,23,,,4.0,,,,,,,,,,,,,,,,,
COM_565,United Site Services,1,,,1,8,,,,,,,,,,,,,,,,,,,,
COM_566,Urgent Care Group,1,,,3,29,,,,,,,,,,,,,,,,,,,,
COM_567,Vaco,1,,,1,11,,,,,,,,,,,,,,,,,,,,
COM_568,Valor Equity Partners,3,,,,,,,,,,,,,,,,,,,,,,,,
COM_569,Vantiv / Worldpay,3,,,,,,,,,,,,,,,,,,,,,,,,
COM_570,Variety Wholesalers,1,,,2,25,,,75.0,,,,,,,,,,,,,,,,,
COM_571,Venturehouse,3,,,,,,,,,,,,,,,,,,,,,,,,
COM_572,Vision Direct,1,,,3,29,,,,,,,,,,,,,,,,,,,,
COM_573,Vista Equity,3,,,,,,,,,,,,,,,,,,,,,,,,
COM_574,Vitamin Shoppe,1,,,2,25,,,75.75,,,,,,,,,,,,,,,,,
COM_575,WIS International,1,,,1,5,,,,,300,,,,,,,,,,,,,,,
COM_576,Warburg,3,,,,,,,,,,,,,,,,,,,,,,,,
COM_577,Warburg Pincus,3,,,,,,,,,,,,,,,,,,,,,,,,
COM_578,Water Street,3,,,,,,,,,,,,,,,,,,,,,,,,
COM_579,Waud Capital,3,,,,,,,,,,,,,,,,,,,,,,,,
COM_580,Wells Fargo,2,,,,,,,,,,,,,,,,,,,,,,,,
COM_581,Wells Fargo,2,,,,,,,,,,,,,,,,,,,,,,,,
COM_582,Western Reserve Partners,2,,,,,,,,,,,,,,,,,,,,,,,,
COM_583,Western Reserve Partners,2,,,,,,,,,,,,,,,,,,,,,,,,
COM_584,Wheel Pros,1,,,2,24,,,53.3,,,,,,,,,,,,,,,,,
COM_585,William Blair,2,,,,,,,,,,,,,,,,,,,,,,,,
COM_586,William Blair,2,,,,,,,,,,,,,,,,,,,,,,,,
COM_587,Wind River Environmental,1,,,1,4,,,,,,,,,,,,,,,,,,,,
COM_588,Wipro,3,,,,,,,,,,,,,,,,,,,,,,,,
COM_589,Wipro Assets,1,,,1,5,,,,,540,,,,,,,,,,,,,,,
COM_590,Wolf Furniture,1,,,2,25,,,2.9,,,,,,,,,,,,,,,,,
COM_591,Woodbridge International,2,,,,,,,,,,,,,,,,,,,,,,,,
COM_592,World Business Lenders,1,,,1,19,,,,,,,,,,,,,,,,,,,,
COM_593,Young Innovations,1,,,3,31,,,60.0,,,,,,,,,,,,,,,,,
COM_594,Yukon Capital,3,,,,,,,,,,,,,,,,,,,,,,,,
COM_595,Zafin,1,,,1,14,,,,,,,,,,,,,,,,,,,,
COM_596,Zodiac,1,,,2,34,,,87.4,,,,,,,,,,,,,,,,,
COM_597,Zoë's Kitchen,1,,,2,27,,,30.8,,346.5,,,,,,,,,,,,,,,
COM_598,iCracked Inc.,1,,,2,27,,,50.0,,,,,,,,,,,,,,,,,
COM_599,iHerb,1,,,2,26,,,,,,,,,,,,,,,,,,,,
COM_600,littleBits,1,,,2,26,,,66.3,,,,,,,,,,,,,,,,,
COM_601,umentioned,1,,,2,23,,,11.8,,160.0,,,,,,,,,,,,,,,
