Id,DealName,CompanyId,DealDate,InvestmentBankId,BankerId,SourcingId,TransactionTypeId,EstimateEquityInvestment,SaleDate,SalePrice,SaleType,BuyingSponserId,SellingSponserId,StatusId,PortfolioCompanyStatus,ActiveStagesId,PassedRationale,DealLeadId,AdditionalDescription,CreatedAt,CreatedBy,UpdatedAt,UpdatedBy
DT_001,,COM_483,2018-02-02,COM_253,,2,2,133.5,,,,,,1,,,,EMP_006,"Electrical testing, maintenance, and commissioning services",,,,
DT_002,,COM_301,2018-02-02,,,3,2,,,,,,,1,,,,EMP_001,"Provider of comprehensive, turnkey security solutions",,,,
DT_003,,COM_096,2018-02-02,,,3,2,,,,,,,1,,,,EMP_007,Provider of energy efficiency and demand management programs,,,,
DT_004,,COM_401,2018-02-02,COM_066,,2,2,340.0,,,,,,1,,,,EMP_009,Specialty contractor serving the electric power and energy pipeline infrastructure markets,,,,
DT_005,,COM_051,2018-02-02,COM_062,,2,2,500.0,,,,,,1,,,,EMP_008,Provider of remanufactured replacement parts to the automotive aftermarket,,,,
DT_006,,COM_461,2018-02-02,,,3,2,,,,,,,1,,,,EMP_006,"Provider of cooking oil solutions to the restaurant, hospitality and foodservice markets",,,,
DT_007,,COM_398,2018-02-02,,,3,2,,,,,,,1,,,,EMP_001,Provider of maintenance services to the transmission and distribution infrastructure grid,,,,
DT_008,,COM_447,2018-02-02,,,3,2,,,,,,,1,,,,EMP_007,"Managers of facilities services for retail, foodservice, and other industries",,,,
DT_009,,COM_473,2018-02-02,COM_066,,3,2,1025.0,,,,,,1,,,,EMP_009,Roofing distributor,,,,
DT_010,,COM_161,2018-02-02,COM_457,,3,2,550.0,,,,,,1,,,,EMP_008,Info services with focus on B2B sales,,,,
DT_011,,COM_113,2018-02-02,COM_289,,3,4,,,,,,,1,,,,EMP_006,"Legal, risk and compliance consulting platform",,,,
DT_012,,COM_144,2018-01-19,COM_050,,2,2,,,,,,,1,,,,EMP_001,Sales and marketing services for the consumer goods industry,,,,
DT_013,,COM_347,2018-01-15,COM_457,,2,3,,,,,,,1,,,,EMP_007,Underwriting software for financial institutions,,,,
DT_014,,COM_128,2018-01-15,COM_203,,2,2,565.0,,,,,,1,,,,EMP_009,Leading designer and manufacturer of high-end metal cards,,,,
DT_015,,COM_402,2018-01-15,COM_285,,2,3,,,,,,,1,,,,EMP_008,"Manufacturer and designer of cards for gift cards, loyalty programs and hospitality",,,,
DT_016,,COM_202,2018-01-15,COM_305,,2,3,,,,,,,1,,,,EMP_006,Financial advisor and insurance broker marketing software and related marketing services,,,,
DT_017,,COM_558,2018-01-05,COM_223,,3,2,,,,,,,1,,,,EMP_006,Outsourced security services,,,,
DT_018,,COM_458,2018-01-05,COM_289,,3,2,150.0,,,,,,1,,,,EMP_006,Fire and security systems integration,,,,
DT_019,,COM_250,2017-12-07,COM_586,,3,2,250.0,,,,,,1,,,,EMP_006,Promotional products marketing services,,,,
DT_020,,COM_448,2018-01-18,,,2,2,250.0,,,,,,1,,,,EMP_006,Telecommunications services,,,,
DT_021,,COM_173,2018-01-18,COM_257,,2,2,300.0,,,,,,1,,,,EMP_006,Holding company for 11 service-based franchise organizations,,,,
DT_022,,COM_184,2018-01-18,COM_066,,2,2,625.0,,,,,,1,,,,EMP_006,Wire harness/control box manufacturer,,,,
DT_023,,COM_405,2017-12-07,COM_289,,2,2,800.0,,,,,,1,,,,EMP_006,Food processing cleaning and sanitation services,,,,
DT_024,,COM_538,2017-12-07,COM_253,,2,2,75.0,,,,,,2,,,,EMP_006,Payments ISV,,,,
DT_025,,COM_230,2017-12-03,COM_118,,2,4,,,,,,,1,,,,EMP_006,IT and transformation services for cap markets firms,,,,
DT_026,,COM_160,2017-11-26,COM_157,,2,3,,,,,,,1,,,,EMP_006,Provides index-based ETF and mutual fund products,,,,
DT_027,,COM_034,2017-11-12,COM_122,,2,2,225.0,,,,,,2,,,,EMP_006,Broker dealer operating in the fixed income capital markets,,,,
DT_028,,COM_595,2017-11-12,COM_203,,2,2,,,,,,,1,,,,EMP_006,Bank software,,,,
DT_029,,COM_472,2017-12-16,COM_158,,2,2,,,,,,,1,,,,EMP_006,Tech services,,,,
DT_030,,COM_480,2017-04-01,COM_158,,2,2,,,,,,,2,,,,EMP_006,Managed IT Services,,,,
DT_031,,COM_441,2018-01-18,COM_054,,2,,,,,,,,,,,,EMP_006,Supply chain consulting,,,,
DT_032,,COM_227,2017-09-29,COM_353,,2,2,201.25,,,,,,2,,,,EMP_006,Value-added distributor of public safety uniforms and gear,,,,
DT_033,,COM_429,2017-09-10,COM_203,,2,4,,,,,,,2,,,,EMP_006,Payment processing solutions,,,,
DT_034,,COM_557,2017-11-12,COM_586,,2,2,163.5,,,,,,2,,,,EMP_006,Provider of tech-enabled employee benefits and retirement services,,,,
DT_035,,COM_469,2017-12-01,COM_253,,2,2,140.0,,,,,,2,,,,EMP_006,"Nationwide distributor of fluid conveyance, measurement, and control products",,,,
DT_036,,COM_368,2017-07-30,COM_269,,3,4,,,,,,,1,,,,EMP_006,TIC,,,,
DT_037,,COM_404,2017-08-04,,,2,2,250.0,,,,,,2,,,,EMP_006,Outsourced testing solutions,,,,
DT_038,,COM_189,2017-08-04,COM_235,,2,2,505.0,,,,,,2,,,,EMP_006,Nuclear waste disposal and reactor decommissioning,,,,
DT_039,,COM_016,2017-10-24,COM_337,,2,2,520.0,,,,,,2,,,,EMP_006,Smart infrastructure solutions provider serving utilities,,,,
DT_040,,COM_133,2017-07-30,,,2,2,545.0,,,,,,2,,,,EMP_006,Systems integration,,,,
DT_041,,COM_092,2017-11-19,COM_061,,2,2,160.0,,,,,,2,,,,EMP_006,Outsourced CFO Services,,,,
DT_042,,COM_037,2017-08-04,COM_158,,3,3,,,,,,,2,,,,EMP_006,Consumer Finance,,,,
DT_043,,COM_018,2017-09-10,COM_081,,2,2,150.0,,,,,,2,,,,EMP_006,"Legal process outsourcing, eDiscovery",,,,
DT_044,,COM_130,2017-09-10,COM_269,,2,2,,,,,,,2,,,,EMP_006,"Legal process outsourcing, eDiscovery",,,,
DT_045,,COM_357,2017-08-06,,,2,2,130.0,,,,,,2,,,,EMP_006,Environmental engineering solutions,,,,
DT_046,,COM_327,2017-09-01,COM_253,,3,2,,,,,,,2,,,,EMP_006,Route based grease trap cleaning business,,,,
DT_047,,COM_041,2017-11-05,COM_287,,2,2,725.0,,,,,,2,,,,EMP_006,R&D engineering services,,,,
DT_048,,COM_442,2017-08-04,COM_066,,2,4,,,,,,,2,,,,EMP_006,Tech-enabled testing and assessment,,,,
DT_049,,COM_413,2017-11-05,COM_253,,2,2,117.5,,,,,,2,,,,EMP_006,Utility services provider in Pac Northwest and Intermountain West,,,,
DT_050,,COM_093,2017-10-20,COM_269,,2,2,130.0,,,,,,2,,,,EMP_006,Engineering consulting platform,,,,
DT_051,,COM_540,2017-05-17,COM_140,,2,3,,,,,,,2,,,,EMP_006,Language and Technology,,,,
DT_052,,COM_495,2017-03-17,COM_476,,2,2,,,,,,,2,,,,EMP_006,Wealth management RIA,,,,
DT_053,,COM_562,2017-03-17,COM_353,,2,2,150.0,,,,,,2,,,,EMP_006,Wealth management RIA,,,,
DT_054,,COM_396,2017-09-17,COM_269,,2,2,103.5,,,,,,2,,,,EMP_006,Food recycling,,,,
DT_055,,COM_414,2017-08-06,COM_194,,2,4,,,,,,,2,,,,EMP_006,MGA writing nonstandard auto insurance policies,,,,
DT_056,,COM_440,2017-11-05,COM_253,,2,,,,,,,,,,,,EMP_006,Utility services provider,,,,
DT_057,,COM_264,2017-03-17,COM_285,,3,3,,,,,,,4,,,,EMP_006,Wealth management RIA,,,,
DT_058,,COM_237,2017-08-04,COM_285,,2,2,465.0,,,,,,2,,,,EMP_006,Battery recycling,,,,
DT_059,,COM_547,2017-04-17,COM_203,,2,3,,,,,,,2,,,,EMP_006,Wealth management RIA,,,,
DT_060,,COM_471,2017-08-13,COM_253,,2,2,,,,,,,2,,,,EMP_006,Convention and venue management,,,,
DT_061,,COM_479,2017-09-10,COM_450,,2,2,429.5,,,,,,2,,,,EMP_006,"Vessel control, fuel systems, and boat system integration",,,,
DT_062,,COM_143,2017-09-10,COM_253,,2,2,225.0,,,,,,2,,,,EMP_006,Outsourced equipment and service provider to midstream pipeline market,,,,
DT_063,,COM_165,2017-07-30,,,2,2,,,,,,,2,,,,EMP_006,Facilities outsourcing,,,,
DT_064,,COM_148,2017-07-30,COM_081,,2,2,120.0,,,,,,2,,,,EMP_006,System of systems technology for car wash industry,,,,
DT_065,,COM_029,2017-07-17,COM_285,,2,2,360.0,,,,,,2,,,,EMP_006,Reverse Mortgages,,,,
DT_066,,COM_028,2017-07-17,COM_064,,2,4,,,,,,,2,,,,EMP_006,Insurance Services,,,,
DT_067,,COM_186,2017-05-17,COM_269,,3,4,,,,,,,1,,,,EMP_006,Foodservice management and catering,,,,
DT_068,,COM_245,2016-09-01,COM_235,,3,3,,,,,,,4,,,,EMP_006,Mortgage lending,,,,
DT_069,,COM_490,2017-08-20,COM_586,,2,3,,,,,,,2,,,,EMP_006,"Self-serve vended luggage carts, electronic lockers, commercial strollers and massage chairs",,,,
DT_070,,COM_343,2017-09-10,COM_331,,3,2,55.0,,,,,,1,,,,EMP_006,Advertising technology,,,,
DT_071,,COM_005,2017-08-20,COM_502,,2,3,,,,,,,2,,,,EMP_006,Software and billing provider for the health and fitness industry,,,,
DT_072,,COM_328,2017-07-17,COM_285,,2,2,,,,,,,2,,,,EMP_006,Digital Transformation,,,,
DT_073,,COM_436,2017-07-30,COM_253,,2,2,735.0,,,,,,3,,,,EMP_006,Construction fastening solutions,,,,
DT_074,,COM_470,2017-08-13,,,2,2,435.0,,,,,,3,,,,EMP_006,Relocation and moving services,,,,
DT_075,,COM_083,2017-07-17,COM_140,,2,2,,,,,,,2,,,,EMP_006,Merchant processing,,,,
DT_076,,COM_174,2017-07-17,COM_457,,2,3,,,,,,,2,,,,EMP_006,RIA Technology Platform,,,,
DT_077,,COM_195,2017-05-17,COM_194,,2,3,,,,,,,2,,,,EMP_006,Analytics for institutional investors,,,,
DT_078,,COM_567,,COM_158,,2,2,,,,,,,2,,,,EMP_006,Staffing,,,,
DT_079,,COM_072,2017-07-17,,,2,2,,,,,,,2,,,,EMP_006,Online payroll and benefits,,,,
DT_080,,COM_176,2017-06-17,COM_253,,2,2,325.0,,,,,,2,,,,EMP_006,Scientific Services,,,,
DT_081,,COM_589,2017-07-17,COM_140,,2,4,,,,,,,2,,,,EMP_006,Datacenter and Cloud Services,,,,
DT_082,,COM_541,2017-05-17,COM_253,,2,3,,,,,,,2,,,,EMP_006,"Governance, risk management, and compliance advisory",,,,
DT_083,,COM_535,2017-05-17,COM_235,,2,3,,,,,,,2,,,,EMP_006,IT Consulting,,,,
DT_084,,COM_086,2017-01-17,COM_158,,3,4,,,,,,,2,,,,EMP_006,B2B wireless services,,,,
DT_085,,COM_280,,COM_194,,2,4,,,,,,,2,,,,EMP_005,Managing General Agency,,,,
DT_086,,COM_279,,COM_457,,2,,,,,,,,2,,,,EMP_005,Money Market Fund Portal,,,,
DT_087,,COM_155,2017-07-17,COM_060,,2,,,,,,,,2,,,,EMP_005,Automotive reconditioning,,,,
DT_088,,COM_437,2017-11-16,COM_158,,2,,,,,,,,2,,,,EMP_005,Merchant acquirer,,,,
DT_089,,COM_424,,COM_158,,2,2,,,,,,,2,,,,EMP_005,Payments ISV,,,,
DT_090,,COM_506,,COM_353,,2,2,305.0,,,,,,2,,,,EMP_005,Environmental services,,,,
DT_091,,COM_549,,COM_361,,2,2,,,,,,,2,,,,EMP_005,Waste Transport Services,,,,
DT_092,,COM_559,,,,2,2,,,,,,,2,,,,EMP_005,Underground utility locating,,,,
DT_093,,COM_004,,COM_158,,2,2,134.5,,,,,,2,,,,EMP_005,Senior care referral services,,,,
DT_094,,COM_358,,COM_586,,2,2,,,,,,,2,,,,EMP_005,Globalization services,,,,
DT_095,,COM_052,,COM_254,,2,2,18.2,,,,,,2,,,,EMP_005,Energy Services,,,,
DT_096,,COM_565,,COM_255,,2,2,,,,,,,2,,,,EMP_005,Portable sanitation,,,,
DT_097,Project Ignition,,,COM_457,,2,,,,,,,,2,,,,EMP_005,,,,,
DT_098,,COM_132,,COM_158,,2,2,,,,,,,2,,,,EMP_005,Asset Management,,,,
DT_099,,COM_104,,COM_159,,1,4,,,,,,,2,,,,EMP_005,Financial services & tech,,,,
DT_100,,COM_013,,COM_158,,2,2,,,,,,,2,,,,EMP_005,Environmental services,,,,
DT_101,,COM_410,,COM_457,,2,2,52.5,,,,,,2,,,,EMP_005,Payment and billing solutions,,,,
DT_102,,COM_163,,COM_158,,1,4,,,,,,,2,,,,EMP_001,K-12 Digital Education,,,,
DT_103,,COM_021,,,,2,2,,,,,,,2,,,,EMP_007,Wealth management software,,,,
DT_104,,COM_548,,COM_512,,2,3,,,,,,,2,,,,EMP_009,Payment Security Technology,,,,
DT_105,,COM_094,,COM_586,,2,2,325.0,,,,,,2,,,,EMP_008,Travel visas,,,,
DT_106,,COM_481,,COM_157,,2,2,950.0,,,,,,2,,,,EMP_001,Criminal justice technology,,,,
DT_107,,COM_532,,COM_235,,2,4,,,,,,,2,,,,EMP_007,Environmental instruments,,,,
DT_108,,COM_411,,COM_586,,2,2,132.5,,,,,,2,,,,EMP_009,B2B Payments and Software,,,,
DT_109,,COM_546,,COM_291,,2,2,735.0,,,,,,2,,,,EMP_008,Aftermarket auto,,,,
DT_110,,COM_503,,COM_395,,2,2,,,,,,,2,,,,EMP_001,Rental services,,,,
DT_111,,COM_466,,COM_060,,2,2,265.0,,,,,,2,,,,EMP_007,Aftermarket auto,,,,
DT_112,,COM_333,,COM_465,,2,2,375.0,,,,,,2,,,,EMP_009,Aftermarket auto,,,,
DT_113,,COM_190,,COM_269,,2,2,82.5,,,,,,2,,,,EMP_008,Industrial cleaning,,,,
DT_114,,COM_587,,COM_586,,2,2,,,,,,,2,,,,EMP_001,Liquid environmental waste,,,,
DT_115,,COM_164,,COM_060,,2,2,380.0,,,,,,2,,,,EMP_007,"Heating, ventilation and AC",,,,
DT_116,,COM_452,,COM_586,,2,3,,,,,,,2,,,,EMP_009,Environmental remediation and  William Blair,,,,
DT_117,,COM_217,,COM_157,,2,4,,,,,,,2,,,,EMP_008,Wealth management,,,,
DT_118,,COM_575,,COM_035,,2,2,150.0,,,,,,2,,,,EMP_001,Inventory verification and retail,,,,
DT_119,,COM_475,,COM_457,,2,4,,,,,,,2,,,,EMP_007,Merchant acquirer,,,,
DT_120,,COM_521,,COM_158,,2,3,,,,,,,2,,,,EMP_009,Merchant acquirer,,,,
DT_121,,COM_125,,COM_158,,2,2,,,,,,,2,,,,EMP_008,Merchant acquirer,,,,
DT_122,,COM_179,,COM_361,,2,4,,,,,,,2,,,,EMP_001,Transportation logistics,,,,
DT_123,,COM_499,,,,2,2,,,,,,,2,,,,EMP_007,Asset recovery and management services,,,,
DT_124,,COM_147,,COM_524,,2,4,,,,,,,2,,,,EMP_009,Financial technology,,,,
DT_125,,COM_370,,COM_253,,2,2,175.0,,,,,,2,,,,EMP_008,Compliance and environmental services,,,,
DT_126,,COM_510,,COM_158,,1,4,,,,,,,2,,,,EMP_001,Insurance software provider,,,,
DT_127,,COM_403,,COM_118,,2,3,,,,,,,2,,,,EMP_007,Sporting goods,,,,
DT_128,,COM_592,,,,2,2,,,,,,,2,,,,EMP_009,Small business lender,,,,
DT_129,,COM_015,2018-01-23,,,1,1,,,,,,,1,,1,,EMP_006,Rent-to-own consumer financing provider for durable consumer goods retailing,,,,
DT_130,Maple,COM_042,2017-09-01,COM_293,CT_037,2,2,,,,,,,1,,2,,EMP_001,Provider of end-to-end beauty merchandising solutions,,,,
DT_131,,COM_184,2018-02-01,COM_066,,,,,,,,,,1,,3,,EMP_007,"Designer and manufacturer of electrical wire harnesses, control boxes and other value added components",,,,
DT_132,Beauty,COM_193,2017-10-17,COM_512,CT_349,2,3,,,,,,,1,,1,,EMP_009,Operator of over 600 waxing centers across the United States,,,,
DT_133,,COM_247,2018-02-09,COM_270,,,2,,,,,,,1,,3,,EMP_008,Leading retailer of musical instruments in the United States,,,,
DT_134,,COM_261,2017-08-22,COM_067,,,2,,,,,,,1,,,,EMP_005,"Bakery, nutrition bar, snack and customized packaging solutions provider and supplier",,,,
DT_135,Torque,COM_266,2018-02-01,COM_318,CT_122,3,2,,,,,,,1,,3,,EMP_006,"Designer, manufacturer and marketer of branded aftermarket products for car racing and street performance",,,,
DT_136,,COM_375,2018-02-01,COM_060,,,4,,,,,,,1,,,,EMP_001,"Newell announced exploration of divestiture of various consumer and industrial brands, including Waddington, Process Solutions, and Mapa",,,,
DT_137,,COM_393,2018-02-01,COM_378,,,2,,,,,,,1,,,,EMP_007,"Largest global operator of spa, salon, wellness and fitness facilities onboard cruise ships; also does spa management",,,,
DT_138,Redford,COM_420,2017-12-19,COM_060,CT_248,3,2,,,,,,,1,,4,,EMP_009,Third largest U.S. pet specialty retailer,,,,
DT_139,,COM_432,2018-02-01,COM_581,,3,4,,,,,,,1,,,,EMP_008,"Manufacturer and distributor of organic and conventional private label peanut butter and other nut butters, baking nuts, granola, pasta, dried fruit and trail mixes",,,,
DT_140,,COM_493,2018-02-01,COM_235,,,4,,,,,,,1,,,,EMP_005,"Smucker's portfolio of breakfast and dessert brands, including Pillsbury, Hungry Jack, White Lilly, Jim Dandy and Martha White",,,,
DT_141,,COM_525,2017-12-01,COM_361,CT_144,2,2,,,,,,,1,,,,EMP_005,"Largest exclusive full-line supplier of high-quality value-added private label, branded and comanufactured Hispanic inspired foods in the U.S.",,,,
DT_142,,COM_536,2017-09-01,COM_008,,,2,,,,,,,1,,,,EMP_005,"Designer, sourcer, and seller of high-velocity hardline consumer products bundled under curated merchandise programs",,,,
DT_143,,COM_555,2018-01-04,COM_145,CT_125,3,3,,,,,,,1,,5,,EMP_006,Largest Arby’s franchisee with 362 stores in 9 Midwest and Western states,,,,
DT_144,,COM_003,2018-01-01,COM_553,,,3,,,,,,,1,,,,EMP_001,Producer of liquid energy shots,,,,
DT_145,,COM_149,2018-01-01,,,,,,,,,,,1,,,,EMP_007,Credit Suisse advising DaVita on possible acquisition of ARA / looking for partner to help acquire half of ARA's centers,,,,
DT_146,Wildcat,COM_187,2018-01-18,COM_269,CT_252,2,2,,,,,,,6,,,Too Small,EMP_009,DSO,,,,
DT_147,,COM_267,2017-08-12,,,,,,,,,,,1,,3,,EMP_008,Portfolio of 4 primary care / join pain drugs,,,,
DT_148,,COM_501,2018-01-03,,,1,1,,,,,,,1,,2,,EMP_005,"Orthopedic surgery clinics in Vail, Colorado",,,,
DT_149,Buckeye,COM_180,2018-01-15,COM_486,CT_112,3,1,,,,,,,1,,5,,EMP_006,E-commerce platform for reverse logistics / Potential add-on for Bargain Hunt,,,,
DT_150,Alpha,COM_601,2017-10-01,COM_513,CT_289,3,3,,,,,,,6,,5,On Hold,EMP_001,Phillips add-on,,,,
DT_151,,COM_079,2016-10-01,COM_269,CT_259,,,,,,,,,6,,,,EMP_007,CTI Foods add-on,,,,
DT_152,,COM_215,2017-10-01,COM_115,,1,3,,,,,,,5,Current Investment,,,EMP_009,Phillips add-on; conducting due diligence,,,,
DT_153,,COM_088,2017-01-31,COM_287,,,,,,,,,,6,,2,Bid Rejected,EMP_008,Urgent care provider in tri-state area with 68 facilities,,,,
DT_154,Icon,COM_487,2016-11-06,COM_520,CT_091,3,3,,,,,,,7,Current Investment,,,EMP_005,Give & Go add on; marketed financing,,,,
DT_155,Titan,COM_271,2016-10-27,COM_586,CT_251,2,2,,,,,,,6,,2,Bid Rejected,EMP_006,Manufacturer serving global medical device and aerospace & defense OEMs,,,,
DT_156,,COM_277,2017-02-01,COM_289,,,,,,,,,,6,,5,Bid Rejected,EMP_001,Contemplating combination with HSS that would result in 50% / 50% ownership,,,,
DT_157,,COM_134,2016-10-27,COM_485,,,,,,,,,,6,,,,EMP_007,CTI Foods add-on,,,,
DT_158,Picasso,COM_517,2016-09-19,COM_449,CT_292,3,3,,,,,,,7,Current Investment,,,EMP_009,Furniture and mattress retailer in the Midwest with 110 stores,,,,
DT_159,,COM_071,2017-02-14,COM_287,,,,,,,,,,6,,,Risk Profile,EMP_008,Divestiture from Bob Evans Farms with 524 restaurants across 18 states,,,,
DT_160,,COM_527,2016-04-28,COM_353,CT_370,1,5,,,,,,,6,,,,EMP_005,Casual dining restaurants,,,,
DT_161,Byner,COM_274,2017-02-20,COM_060,CT_248,2,3,,,,,,,6,,,Other,EMP_006,AVF add-on,,,,
DT_162,,COM_491,2017-03-01,COM_068,,,,,,,,,,6,,1,Other,EMP_001,Provider of outsourced clinical services to hospitals and health systems,,,,
DT_163,,COM_598,2017-01-01,COM_428,CT_097,,2,,,,,,,6,,,,EMP_007,Franchisor of Checkers and Rally's restaurants with 837 units across the US,,,,
DT_164,,COM_376,2017-03-01,COM_141,CT_033,,,,,,,,,6,,,,EMP_009,Chuck E. Cheese's and Peter Piper Pizza brands; 559 venues and 188 franchises across 47 states and 12 foreign countries,,,,
DT_165,,COM_600,2017-03-01,COM_361,CT_144,,,,,,,,,6,,,,EMP_008,Supplier of baked goods to quick service restaurants globally,,,,
DT_166,,COM_206,2017-03-01,COM_269,,,2,,,,,,,6,,,,EMP_005,Manufacturer of packaged ice cream and frozen novelty products,,,,
DT_167,,COM_238,2017-03-10,COM_172,,3,5,,,,,,,6,,,,EMP_006,Midwestern everyday low price department store with 106 stores,,,,
DT_168,,COM_022,2017-02-01,COM_235,,,,,,,,,,6,,1,Other,EMP_001,IMX opportunity,,,,
DT_169,,COM_106,2017-02-01,COM_241,,,,,,,,,,6,,,,EMP_007,Designer and marketer of branded health and wellness products; most notably kitchen countertop appliances,,,,
DT_170,,COM_197,2017-03-01,COM_253,,,,,,,,,,6,,,,EMP_009,Automotive aftermarket services platform with 290 locations in the southeastern US,,,,
DT_171,,COM_418,2017-02-01,COM_269,,,,,,,,,,6,,,,EMP_008,"Casual family restaurants and bakery business across US, Canada, and Mexico",,,,
DT_172,,COM_422,2017-02-01,COM_253,,,,,,,,,,6,,,,EMP_005,Pet product manufacturer,,,,
DT_173,Wolfpack,COM_334,2017-03-27,COM_353,CT_317,2,3,,,,,,,6,,1,Other,EMP_006,"Dental Services Organization (“DSO”) servicing practices in TX, NM, OK, LA, TN and AK",,,,
DT_174,,COM_516,2017-03-01,COM_209,,,,,,,,,,6,,1,Risk Profile,EMP_001,"Orthopedic, spine, and pain management healthcare system in the SE Michigan area",,,,
DT_175,,COM_530,2017-03-01,COM_235,,,,,,,,,,6,,1,Other,EMP_007,"Thermo spinning off some assets, NDA in process",,,,
DT_176,,COM_136,2017-03-01,COM_253,,,,,,,,,,6,,,,EMP_009,Fresh-cut fruits and vegetables wholesale business,,,,
DT_177,Pure,COM_399,2017-04-12,COM_586,CT_004,2,2,,,,,,,6,,,,EMP_008,Global portfolio of beauty and wellness brands,,,,
DT_178,,COM_262,2017-04-18,COM_216,,,,,,,,,,6,,,,EMP_005,America’s largest Jiffy Lube franchisee with 530 stores across 26 states,,,,
DT_179,,COM_346,2017-04-18,COM_236,,,,,,,,,,6,,,,EMP_006,Maunfacturer and purveyor of children's toys globally,,,,
DT_180,,COM_074,2016-11-02,COM_259,CT_177,1,3,,,,,,,6,,,Risk Profile,EMP_001,Give & Go add-on,,,,
DT_181,,COM_389,2017-04-18,COM_356,,,,,,,,,,6,,2,Bid Rejected,EMP_007,Obstetric and Gynecology hospitalist platform in the US,,,,
DT_182,,COM_439,2017-03-01,,,,,,,,,,,7,Current Investment,,,EMP_009,ProPT add-on opportunity with 15 clinics in MA,,,,
DT_183,,COM_063,2017-04-01,COM_253,,2,4,,,,,,,6,,,,EMP_008,"Bakery ingredients distributor, manufacturer, and service provider in North America",,,,
DT_184,,COM_116,2017-04-01,COM_235,,,,,,,,,,6,,1,Risk Profile,EMP_005,"Provides health risk assessments, quality gap closure, and care management solutions to health plans",,,,
DT_185,,COM_170,2017-04-18,COM_118,,,,,,,,,,6,,5,Bid Rejected,EMP_006,Multi-specialty physician group,,,,
DT_186,Comfort,COM_397,2017-04-21,COM_586,,2,2,,,,,,,6,,,Risk Profile,EMP_001,Manufacturer of insoles provided to world's largest footwear brands,,,,
DT_187,,COM_099,2017-04-01,COM_427,,,,,,,,,,6,,,,EMP_007,Fast casual Mexican restaurants with 114 units across 12 states,,,,
DT_188,Maverick,COM_033,2017-04-26,COM_246,CT_307,2,5,,,,,,,6,,1,Other,EMP_009,Emergency medical services and transportation,,,,
DT_189,,COM_026,2017-04-18,COM_581,,,,,,,,,,6,,2,Too Small,EMP_008,Allergy and asthma services platform with 133 locations across 23 states,,,,
DT_190,India,COM_306,2017-05-19,COM_583,CT_312,2,4,,,,,,,6,,,,EMP_005,"Developer of decorative residential and light commercial lighting products, ceiling fans and LED task lighting product solutions",,,,
DT_191,,COM_566,2017-03-01,COM_102,,,,,,,,,,6,,5,Risk Profile,EMP_006,Management team looking for investors to back consolidation of urgent care clinics,,,,
DT_192,Shelter,COM_031,2017-03-10,COM_253,CT_048,2,2,,,,,,,6,,,On Hold,EMP_001,Furniture retailer with 128 stores across 23 states,,,,
DT_193,,COM_319,2017-03-13,COM_287,CT_035,2,3,,,,,,,6,,,Risk Profile,EMP_007,"Direct-seller of branded wellness and nutritional products across US, Canada, Mexico, Australia, the UK, and New Zealand",,,,
DT_194,,COM_082,2017-04-06,COM_380,CT_260,2,3,,,,,,,6,,,Bid Rejected,EMP_009,Fast casual pizza restaurants with 173 locations across 31 states,,,,
DT_195,,COM_058,2017-05-01,COM_269,,,,,,,,,,6,,,,EMP_008,Multi-channel branded snacking platform in North America currently composed of Back to Nature and Snackwell's brands,,,,
DT_196,,COM_108,2017-05-01,COM_383,,,,,,,,,,6,,,,EMP_005,Fast casual seafood restaurants with 516 units across 21 states,,,,
DT_197,,COM_150,2017-02-01,COM_253,,,,,,,,,,6,,,,EMP_006,"Independent distributor of foodservice disposables, janitorial supplies, and cleaning equipment in the Eastern US",,,,
DT_198,,COM_182,2017-04-01,COM_400,,,,,,,,,,6,,,,EMP_001,"Latino-focused specialty food retailer and distributor, with 15 stores in Texas",,,,
DT_199,,COM_310,2017-04-01,COM_380,,,,,,,,,,6,,,,EMP_007,"Retailer of pet food, supplies, and grooming services with 42 locations across the US",,,,
DT_200,,COM_417,2017-04-01,COM_380,,,,,,,,,,6,,,,EMP_009,"Franchisee of Wendy's, with 87 locations across US",,,,
DT_201,,COM_560,2017-04-01,COM_380,,,,,,,,,,6,,,,EMP_008,"Upscale, full-service Mexican restaurants with 27 locations across 7 states",,,,
DT_202,,COM_563,2017-04-01,COM_449,,,,,,,,,,6,,,,EMP_005,"Largest natural, organic, and specialty foods distributor in US and Canada",,,,
DT_203,,COM_556,2017-04-01,COM_122,,,,,,,,,,6,,,,EMP_006,"Fitness platform with 38 clubs in the Mid-Atlantic and Southeast composed of the Onelife, Sport & Health, and Crunch banners",,,,
DT_204,,COM_425,2017-04-01,,,,,,,,,,,6,,,,EMP_001,Public home furnishings and furniture retailer,,,,
DT_205,,COM_494,2017-04-01,COM_380,,,,,,,,,,6,,,,EMP_007,Breakfast and brunch focused restaurant growth company,,,,
DT_206,,COM_260,2017-04-01,COM_289,,,,,,,,,,6,,1,Financial Performance,EMP_009,Provider of outsourced urological services,,,,
DT_207,Utes,COM_263,2017-05-24,COM_427,CT_332,2,,,,,,,,6,,5,Risk Profile,EMP_008,Technology enabled distributor of medical supplies for plasma collection centers,,,,
DT_208,,COM_453,2017-04-01,,,,,,,,,,,6,,1,Too Small,EMP_005,Fixed-wing air medical transport services,,,,
DT_209,,COM_112,2016-10-01,COM_287,,,,,,,,,,6,,,Financial Performance,EMP_006,Casual authentic Italian restaurant serving handcrafted dishes,,,,
DT_210,,COM_351,2016-10-01,COM_025,,,,,,,,,,6,,,,EMP_001,Entered exclusivity period but currently pencils down due to Medicare uncertainty,,,,
DT_211,,COM_297,2016-10-01,,,,,,,,,,,6,,,Other,EMP_007,GCA add-on,,,,
DT_212,,COM_504,2016-03-30,COM_269,CT_266,3,3,,,,,,,6,,,On Hold,EMP_009,Give and Go add-on,,,,
DT_213,,COM_070,2017-04-01,,,,,,,,,,,6,,,Bid Rejected,EMP_008,ProPT add-on opportunity with ~50 clinics in MA & NH,,,,
DT_214,,COM_435,2017-04-01,,,,,,,,,,,6,,5,Other,EMP_005,Private duty nursing / capitated risk / HSAs,,,,
DT_215,,COM_107,2017-05-01,,,,,,,,,,,6,,1,Other,EMP_006,Developer and manufacturer of point of care workstations,,,,
DT_216,,COM_492,2017-06-11,COM_586,,,,,,,,,,6,,2,Bid Rejected,EMP_001,Scale orthodontics platform,,,,
DT_217,,COM_281,2017-04-01,COM_235,,,,,,,,,,6,,,,EMP_007,"Apparel technology company developing, producing, branding, and marketing fibers and fabrics",,,,
DT_218,,COM_307,2017-03-15,COM_449,CT_190,3,3,,,,,,,6,,,Bid Rejected,EMP_009,Give & Go add-on,,,,
DT_219,,COM_151,2017-05-01,COM_353,,,,,,,,,,6,,,,EMP_008,"Portfolio of brands including UGG, Teva, Sanuk, Hoka, and Koolaburra",,,,
DT_220,,COM_213,2017-05-01,COM_292,,,,,,,,,,6,,,,EMP_005,Chain of full-service daytime cafés focused on breakfast and brunch offerings,,,,
DT_221,,COM_456,2017-06-01,COM_427,,,,,,,,,,6,,,,EMP_006,Snack brand offering whole-food protein bars,,,,
DT_222,,COM_364,2017-03-01,,,1,3,,,,,,,6,,,Bid Rejected,EMP_001,"AVF add-on with 16 stores (10 Ashley stores) operating in Cincinnati, Dayton, and Columbus",,,,
DT_223,,COM_126,2017-06-01,COM_355,,,,,,,,,,6,,1,Other,EMP_007,Provider of consumables for L&D and NICU departments,,,,
DT_224,,COM_508,2017-06-01,COM_353,,,,,,,,,,6,,5,Other,EMP_009,Behavioral health with focus on addiction services; NDA in process,,,,
DT_225,,COM_177,2017-06-01,COM_353,,,,,,,,,,6,,5,Other,EMP_008,"Vertically integrated, national care system dedicated to eating disorders; NDA in process",,,,
DT_226,,COM_593,2017-06-01,COM_289,,,,,,,,,,6,,,,EMP_005,Manufacturer of branded and private label dental consumables,,,,
DT_227,Apex,COM_040,2017-05-22,COM_353,CT_213,2,2,,,,,,,6,,5,Financial Performance,EMP_006,"Manufacturer of single-use interventional products, primarily targeted towards Interventional Radiologists",,,,
DT_228,,COM_084,2017-06-27,COM_382,,,,,,,,,,6,,,,EMP_001,Fast casual rotisserrie chicken brand with 459 restaurants across 33 states,,,,
DT_229,,COM_468,2017-06-01,COM_066,,,,,,,,,,6,,,,EMP_007,Provides integrated set of services to pharma companies to drive higher rates of penetration and compliance for specialty drugs; CVS Health divestiture; NDA in process,,,,
DT_230,,COM_338,2017-04-01,COM_140,,,,,,,,,,6,,1,Risk Profile,EMP_009,Mallinckrodt spin-out of vertically integrated controlled substances generics business,,,,
DT_231,,COM_460,2017-06-01,COM_304,,,,,,,,,,6,,1,Too Small,EMP_008,Largest independent provider of on-site radiology services in California / one of largest groups in the U.S.,,,,
DT_232,,COM_339,2017-07-18,COM_269,,,,,,,,,,6,,,,EMP_005,Supplier and distributor of nutrition & care products for pets,,,,
DT_233,,COM_489,2017-05-09,COM_235,CT_090,2,2,,,,,,,6,,,On Hold,EMP_006,"Franchisee of Little Caesars, Dunkin' and Wingstop with 443 locations across the US and Mexico",,,,
DT_234,,COM_572,2017-04-01,,,,,,,,,,,6,,,,EMP_001,1-800 CONTACTS add-on,,,,
DT_235,,COM_229,2017-04-01,,,,,,,,,,,6,,4,Bid Rejected,EMP_007,Phillips add-on,,,,
DT_236,,COM_124,2017-07-28,COM_235,,,,,,,,,,6,,,,EMP_009,Operator of 36 dental restoration and dental implant treatment centers,,,,
DT_237,,COM_539,2017-07-16,COM_586,CT_047,2,2,,,,,,,6,,,Bid Rejected,EMP_008,Branded wood pellet grills & smokers,,,,
DT_238,Jagger,COM_335,2017-07-13,COM_427,CT_103,2,2,,,,,,,6,,,Risk Profile,EMP_005,Largest concierge provider of membership-based private healthcare services,,,,
DT_239,Frohman,COM_218,2014-08-15,COM_581,CT_036,2,,,,,,,,6,,,,EMP_006,CTI Foods add-on; re-submitted bid to management - awaiting feedback,,,,
DT_240,,COM_315,2017-08-09,COM_269,,,,,,,,,,6,,,,EMP_001,"Designer, manufacturer, and marketer of bath accessories and home goods to retailers across North America",,,,
DT_241,,COM_484,2017-07-24,COM_269,,,,,,,,,,6,,,,EMP_007,Operator of 383 general merchandise stores across 26 states,,,,
DT_242,,COM_542,2017-08-30,COM_066,,,,,,,,,,6,,,,EMP_001,"Provider of commercial kitchen equipment, restaurant supplies & design services",,,,
DT_243,,COM_561,2017-08-09,COM_318,,,,,,,,,,6,,,,EMP_007,Provider of food and dining management services to healthcare end market (senior living and hospitals),,,,
DT_244,,COM_345,2017-06-01,,,,,,,,,,,6,,,Management Not Ready,EMP_009,"Give & Go add-on; donut plant in Springfield, IL; current revenue of $12mm and capacity for $50-$60mm",,,,
DT_245,,COM_336,2017-08-11,COM_586,,,,,,,,,,6,,1,Other,EMP_008,Full-service healtcare information services vendor,,,,
DT_246,,COM_073,2017-08-11,COM_253,,,,,,,,,,6,,,,EMP_005,Dental support organization with 147 offices across the eastern Unted States,,,,
DT_247,,COM_137,2016-10-01,,,,,,,,,,,6,,,,EMP_006,Coventry's workers' comp segment; potential carve-out opportunity,,,,
DT_248,,COM_316,2016-10-01,,,,,,,,,,,6,,5,Other,EMP_001,Provider of minimally invasive spine surgery operating 7 U.S. centers,,,,
DT_249,,COM_459,2016-10-01,COM_057,,,,,,,,,,6,,,,EMP_007,Party City add-on; conducting due diligence,,,,
DT_250,,COM_391,2017-07-01,COM_581,,,,,,,,,,6,,,,EMP_001,Full-service casual dining concept,,,,
DT_251,,COM_445,2017-07-01,COM_361,,,,,,,,,,6,,,,EMP_007,Fast-casual Mexican restaurant,,,,
DT_252,,COM_599,2017-06-01,COM_363,,,,,,,,,,6,,,,EMP_009,"Pure play online retailer of VMS, natural/organic personal care, and other health and wellness products",,,,
DT_253,,COM_127,2017-08-01,COM_581,,,,,,,,,,6,,,,EMP_008,"Family-owned and operated warehouse company offering public and contract storage in refrigerated, frozen, and dry environments",,,,
DT_254,Diamond,COM_166,2017-09-05,COM_362,CT_197,2,1,,,,,,,6,,,Bid Rejected,EMP_005,Grower and distributor of fresh fruits and vegetables,,,,
DT_255,Marlin,COM_344,2016-10-01,COM_449,CT_174,,1,,,,,,,6,,2,Bid Rejected,EMP_006,4th largest locum tenens staffing company,,,,
DT_256,,COM_012,2017-04-01,,,,,,,,,,,1,,3,,EMP_001,Phillips add-on,,,,
DT_257,,COM_204,2017-04-01,,,,,,,,,,,6,,,,EMP_007,Bargain Hunt add-on; re-engaging with sellers in the fall,,,,
DT_258,,COM_500,2017-04-01,,,,,,,,,,,6,,4,Bid Rejected,EMP_001,Phillips add-on; Oklahoma based pet food distributor.  Receiving preliminary financial data,,,,
DT_259,Maltese / Stone,COM_551,2017-07-07,COM_465,CT_170,2,4,,,,,,,6,,,Bid Rejected,EMP_007,"Asset sale of Tyson’s kettle business, which produces sauces, dips, soups and sides",,,,
DT_260,,COM_564,2017-04-01,COM_154,,,,,,,,,,6,,6,Risk Profile,EMP_009,Phillips add-on; Southern California based pet food distributor,,,,
DT_261,,COM_152,2016-04-13,COM_427,,,,,,,,,,6,,,,EMP_008,Owns and operates 3 steakhouse restaurant concepts,,,,
DT_262,,COM_198,2017-04-01,COM_157,,,,,,,,,,6,,,,EMP_005,Purchase of Exxon assets with partner Capital Petroleum Group.  Submitted IOI on 4/24.,,,,
DT_263,,COM_207,2016-10-12,COM_287,,1,5,,,,,,,6,,2,Financial Performance,EMP_006,Public company that operates Pollo Tropical and Taco Cabana fast casual dining brands; submitted IOI,,,,
DT_264,,COM_332,2016-02-18,COM_235,,,,,,,,,,6,,,,EMP_001,Fast casual Mediterranean restaurant,,,,
DT_265,,COM_446,2016-05-24,COM_253,,,,,,,,,,6,,,,EMP_007,"Provides cleaning, testing and repair services for commercial & industrial portable liquid and dry bulk containers",,,,
DT_266,White,COM_526,2017-06-21,COM_361,CT_031,2,4,,,,,,,6,,4,Bid Rejected,EMP_001,Spin out of US and Europe women's health products,,,,
DT_267,,COM_543,2017-04-01,COM_353,,,,,,,,,,6,,,,EMP_007,,,,,
DT_268,,COM_596,2016-07-18,COM_140,,,,,,,,,,6,,,,EMP_009,Pure play pool equipment and solutions,,,,
DT_269,,COM_100,2017-06-19,,,1,3,,,,,,,6,,,Other,EMP_008,Give & Go add-on,,,,
DT_270,,COM_515,2017-06-01,,,1,,,,,,,,6,,,Other,EMP_005,Give & Go add-on; iced pound cake and crumb cake,,,,
DT_271,,COM_006,2017-06-01,COM_380,,,,,,,,,,6,,,,EMP_006,"Largest IHOP franchisee, currently operating 113 restaurants across 8 states",,,,
DT_272,,COM_111,2017-09-01,COM_115,,,,,,,,,,6,,,,EMP_001,"North American contract beverage manufacturer operating facilities in Mooresville, North Carolina and Fort Worth, Texas",,,,
DT_273,,COM_232,2017-06-01,COM_586,,,,,,,,,,6,,,,EMP_007,Exclusive retailer of Verizon wireless stores; Blair facilitating one-off discussion with owner,,,,
DT_274,,COM_273,2017-08-28,COM_253,CT_045,2,,,,,,,,6,,,Too Small,EMP_001,Franchisor and operator of 358 homestyle cooking diners with heavy presence in Southeast. Currently owned by Sentinel,,,,
DT_275,Vespa,COM_379,2017-08-31,COM_269,,,,,,,,,,6,,,,EMP_007,largest independent premium baked snacking brand & platform in North America,,,,
DT_276,,COM_537,2017-09-01,COM_421,,,,,,,,,,6,,,,EMP_009,Specialty apparel retailer operating 221 stores in 31 states,,,,
DT_277,,COM_570,2017-06-01,,,,,,,,,,,6,,,,EMP_008,"Conglomerate of retail stores including Roses, Maxway, and Super 10, amongst others; one-off discussion with owner",,,,
DT_278,,COM_574,2017-09-01,,,,,,,,,,,6,,,,EMP_005,Multi-channel specialty retailer and contract manufacturer of nutritional products in the United States and internationally,,,,
DT_279,Warrior,COM_349,2017-09-12,COM_269,CT_229,2,2,,,,,,,6,,,Risk Profile,EMP_006,"Dental support organiziation (DSO), owned by FFL",,,,
DT_280,Patriot,COM_053,2017-10-03,COM_286,CT_291,2,2,,,,,,,6,,,Bid Rejected,EMP_001,Wholesale club operator with 215 warehouse locations and 5.2mm members,,,,
DT_281,,COM_014,2017-10-03,COM_256,CT_150,2,2,,,,,,,6,,2,Bid Rejected,EMP_007,"Provider of home health services, owned by Oak Hill",,,,
DT_282,,COM_045,2017-08-08,COM_591,CT_039,3,3,,,,,,,6,,,Bid Rejected,EMP_001,"Give & Go add-on; thaw-and-sell and frozen cheesecake manufacturer for grocery & wholesale club based in Kennesaw, GA",,,,
DT_283,,COM_087,2017-10-01,COM_253,CT_379,,2,,,,,,,6,,,Other,EMP_001,Manufacturer and distributor of brownie products; Give & Go add-on,,,,
DT_284,Red Sox,COM_109,2017-09-28,COM_554,CT_325,2,2,,,,,,,6,,,Other,EMP_007,Provider of care-coordination for post-acute care,,,,
DT_285,,COM_386,2017-10-05,COM_583,,,,,,,,,,6,,1,Other,EMP_009,Genetic carrier testing,,,,
DT_286,,COM_024,2017-10-14,COM_103,,,,,,,,,,6,,1,Other,EMP_008,Owner and operator of hospitals,,,,
DT_287,Bella,COM_342,2017-09-01,COM_118,CT_279,3,2,,,,,,,6,,,Other,EMP_005,Physical therapy benefit manager in the Workers’ Comp space,,,,
DT_288,Apollo 11,COM_373,2017-11-01,COM_321,CT_133,2,2,,,,,,,6,,,Too Small,EMP_006,Specialty care management company focused on Oncology and Cardiology,,,,
DT_289,,COM_372,2017-09-01,COM_235,,,4,,,,,,,6,,,,EMP_001,Manufacturer and distributor of Nestlé confectionary products in the United States,,,,
DT_290,,COM_584,2017-09-01,COM_586,,,,,,,,,,6,,,,EMP_007,"Designer, marketer, and distributor of branded aftermarket wheels, performance tires, and accessories",,,,
DT_291,,COM_385,2017-09-07,COM_172,CT_060,2,3,,,,,,,6,,2,Risk Profile,EMP_001,Texas-based freestanding ED & micro-hospital operator,,,,
DT_292,12,COM_433,2017-10-23,COM_285,CT_020,2,,,,,,,,6,,,Other,EMP_007,"Owner, operator, and franchisor of 441 sandwich shops across the United States",,,,
DT_293,,COM_121,2017-09-08,COM_050,,2,,,,,,,,6,,,Other,EMP_009,Casual dining Tex-Mex restaurant chain with 85 locations,,,,
DT_294,,COM_205,2017-11-01,COM_318,,,,,,,,,,6,,,,EMP_008,Specialty Italian foodservice distributor,,,,
DT_295,,COM_276,2017-11-01,COM_353,,,,,,,,,,6,,,,EMP_005,"Manufacturer and distributor of all-natural, handcrafted bath, skin, home and cleaning products.",,,,
DT_296,,COM_467,2017-11-01,COM_318,,,,,,,,,,6,,,,EMP_006,E-Retailer of rugs,,,,
DT_297,,COM_497,2017-10-25,COM_154,CT_263,2,3,,,,,,,6,,,Other,EMP_001,Producer of branded fresh garlic and other ingredients and spices sold in grocery retail,,,,
DT_298,,COM_498,2017-11-01,COM_269,,,,,,,,,,6,,,,EMP_007,Manufacturer and distributor of craft yarn products,,,,
DT_299,,COM_514,2017-11-01,COM_353,CT_051,2,2,,,,,,,6,,,,EMP_001,Producer and distributor of honey,,,,
DT_300,Broadway,COM_323,2017-03-31,COM_477,CT_132,1,3,,,,,,,5,Current Investment,,,EMP_007,Closed 11/22/2017,,,,
DT_301,Big,COM_590,2017-07-31,,,1,3,,,,,,,5,Current Investment,,,EMP_009,Closed 11/22/2017,,,,
DT_302,,COM_296,2017-08-14,COM_353,CT_051,3,3,,,,,,,6,,,Management Not Ready,EMP_008,Give & Go add-on,,,,
DT_303,Wildcat,COM_311,2017-10-31,COM_235,CT_090,2,4,,,,,,,6,,,,EMP_005,"Owner, operator, and franchisor of 762 convenience stores across 18 states",,,,
DT_304,Energy,COM_076,2017-10-17,COM_253,CT_379,3,2,,,,,,,6,,,Bid Rejected,EMP_006,Manufacturer of shelf-stable dairy-based food and beverage products,,,,
DT_305,Athena,COM_597,2017-10-18,COM_427,CT_097,2,5,,,,,,,6,,,Bid Rejected,EMP_001,Operator of over 200 owned or franchised fast-casual restaurants across 20 states,,,,
DT_306,Air,COM_295,2017-09-13,COM_269,CT_252,2,2,,,,,,,6,,,Too Small,EMP_007,Provider of home health services / Potential combination with Blue Wolf,,,,
DT_307,,COM_278,2017-12-11,COM_353,CT_320,2,2,,,,,,,6,,1,Other,EMP_001,DSO,,,,
DT_308,Poseidon,COM_529,2017-08-23,COM_139,CT_013,3,1,,,,,,,6,,,Bid Rejected,EMP_007,"Online, direct to consumer luxury mattress company",,,,
DT_309,,COM_135,2017-12-01,COM_253,CT_160,2,2,,,,,,,6,,,Other,EMP_009,Public health outsourcing platform,,,,
DT_310,Jewel,COM_350,2017-12-06,COM_353,CT_196,2,1,,,,,,,6,,,Risk Profile,EMP_008,"Beauty brand focused on mass face, lip, and eye products",,,,
DT_311,Avedon,COM_324,2017-09-19,COM_056,CT_298,2,3,,,,,,,6,,,Bid Rejected,EMP_005,Largest professional photography company in the world,,,,
DT_312,Ponderosa,COM_168,2017-10-23,COM_285,CT_102,3,4,,,,,,,6,,,,EMP_006,Manufacturer and distributor of ready-to-assemble furniture and home furnishings; operating segment within Dorel Industries,,,,
DT_313,Alamo,COM_043,2017-11-21,COM_056,CT_230,,4,,,,,,,6,,,Risk Profile,EMP_001,Two Aryzta plants located in IL with a combined 428K sq. ft. of manufacturing space and a NBV of $93mm / G&G add-on,,,,
DT_314,Dragon,COM_156,2017-12-11,COM_289,CT_318,2,2,,,,,,,6,,2,Bid Rejected,EMP_007,Canadian DSO,,,,
DT_315,,COM_478,2018-01-17,COM_365,,3,2,,,,,,,6,,3,On hold,EMP_001,Roll-up of dermatology practices / owned by LLR partners,,,,
DT_316,,COM_211,2017-12-01,COM_381,,,,,,,,,,6,,,,EMP_007,Owner and operator of 45 Firebirds branded restaurants across the United States,,,,
DT_317,,COM_406,2017-12-01,COM_060,,,,,,,,,,6,,,,EMP_009,Producer and marketer of arts and crafts products,,,,
DT_318,,COM_434,2017-12-01,COM_325,,,,,,,,,,6,,,,EMP_008,"Direct-to-consumer marketer of women's apparel and accessories, home products, and gift products",,,,
DT_319,Red Hawk,COM_196,2018-01-26,COM_253,CT_159,2,2,,,,,,,6,,,Risk Profile,EMP_005,Largest independent clinical research site services company focused on special populations; market leader in CNS,,,,
